file	predicates	variables	atoms	clauses	clauseSize	functors	maximalDepth
DTS/Alligator/Test/or2.test	2	0	0	0	0	0	0
DTS/Alligator/Test/piElim.test	2	0	0	0	0	0	0
DTS/Alligator/Test/app3.test	1	7	6	0	0	2	2
DTS/Alligator/Test/dni2.test	3	0	0	0	0	0	0
DTS/Alligator/Test/test.test	4	0	0	0	0	0	0
DTS/Alligator/Test/or3.test	2	0	0	0	0	0	0
DTS/Alligator/Test/dni4.test	3	0	0	0	0	0	0
DTS/Alligator/Test/lem.test	1	0	0	0	0	0	0
DTS/Alligator/Test/dne.test	3	0	0	0	0	0	0
DTS/Alligator/Test/or20.test	2	0	0	0	0	0	0
DTS/Alligator/Test/or4.test	1	3	6	4	3	4	2
DTS/Alligator/Test/transitive.test	3	0	0	0	0	0	0
DTS/Alligator/Test/dni.test	1	0	0	0	0	0	0
DTS/Alligator/Test/piElim3.test	3	0	0	0	0	0	0
DTS/Alligator/Test/transitive2.test	3	0	0	0	0	0	0
DTS/Alligator/Test/piElim2.test	3	0	0	0	0	0	0
DTS/Alligator/Test/transitive_7_18.test	3	0	0	0	0	0	0
DTS/Alligator/Test/or.test	2	0	0	0	0	0	0
DTS/Alligator/Test/lem_all.test	0	0	0	0	0	0	0
DTS/Alligator/Test/exist.test	1	7	6	0	0	2	2
DTS/Alligator/Test/dni3.test	3	0	0	0	0	0	0
DTS/Alligator/Test/lem_exist.test	0	0	0	0	0	0	0
DTS/Alligator/Test/app2.test	1	7	6	0	0	2	2
DTS/Alligator/Test/exist1.test	2	0	0	0	0	0	0
DTS/Alligator/Test/app.test	1	7	6	0	0	2	2
DTS/Alligator/Test/all.test	0	0	0	0	0	0	0
DTS/Alligator/Test/all2.test	3	0	0	0	0	0	0
DTS/Alligator/Test/efq.test	1	0	0	0	0	0	0
../../TPTP-v7.3.0/Problems/SYN/SYN483-1.p	35	111	756	196	10	30	1
../../TPTP-v7.3.0/Problems/SYN/SYN322-1.p	1	2	4	2	2	1	1
../../TPTP-v7.3.0/Problems/SYN/SYN222-1.p	48	627	1060	369	5	5	1
../../TPTP-v7.3.0/Problems/SYN/SYN974+1.p	1	2	2	0	0	0	1
../../TPTP-v7.3.0/Problems/SYN/SYN916+1.p	1	0	1	0	0	0	0
../../TPTP-v7.3.0/Problems/SYN/SYN540-1.p	25	99	591	142	11	44	1
../../TPTP-v7.3.0/Problems/SYN/SYN331-1.p	1	14	10	7	2	1	2
../../TPTP-v7.3.0/Problems/SYN/SYN766-1.p	9	249	399	51	10	1	2
../../TPTP-v7.3.0/Problems/SYN/SYN942+1.p	3	3	7	0	0	0	1
../../TPTP-v7.3.0/Problems/SYN/SYN925+1.p	1	2	2	0	0	0	1
../../TPTP-v7.3.0/Problems/SYN/SYN788-1.p	5	216	336	42	10	2	2
../../TPTP-v7.3.0/Problems/SYN/SYN675-1.p	15	110	118	55	5	21	6
../../TPTP-v7.3.0/Problems/SYN/SYN461-1.p	34	95	652	176	10	29	1
../../TPTP-v7.3.0/Problems/SYN/SYN701-1.p	18	132	156	74	5	29	6
../../TPTP-v7.3.0/Problems/SYN/SYN561-1.p	3	30	34	15	4	12	4
../../TPTP-v7.3.0/Problems/SYN/SYN833-1.p	343	6831	8107	536	24	16	1
../../TPTP-v7.3.0/Problems/SYN/SYN903-1.p	400	1201	1675	455	5	55	2
../../TPTP-v7.3.0/Problems/SYN/SYN920+1.p	3	6	15	0	0	0	1
../../TPTP-v7.3.0/Problems/SYN/SYN033-1.p	1	11	7	4	4	3	2
../../TPTP-v7.3.0/Problems/SYN/SYN946+1.p	3	4	4	0	0	0	1
../../TPTP-v7.3.0/Problems/SYN/SYN519-1.p	74	449	2255	530	17	171	1
../../TPTP-v7.3.0/Problems/SYN/SYN267-1.p	48	628	1060	369	5	5	1
../../TPTP-v7.3.0/Problems/SYN/SYN737-1.p	5	102	162	21	10	1	2
../../TPTP-v7.3.0/Problems/SYN/SYN470+1.p	37	105	679	0	0	32	1
../../TPTP-v7.3.0/Problems/SYN/SYN403+1.p	3	1	6	0	0	0	1
../../TPTP-v7.3.0/Problems/SYN/SYN035-1.p	2	6	8	3	4	1	2
../../TPTP-v7.3.0/Problems/SYN/SYN704-1.p	26	215	178	80	4	31	8
../../TPTP-v7.3.0/Problems/SYN/SYN426+1.p	32	216	1561	0	0	213	1
../../TPTP-v7.3.0/Problems/SYN/SYN114-1.p	48	627	1060	369	5	5	1
../../TPTP-v7.3.0/Problems/SYN/SYN422+1.p	32	160	1159	0	0	153	1
../../TPTP-v7.3.0/Problems/SYN/SYN891-1.p	40	1158	1394	86	24	16	1
../../TPTP-v7.3.0/Problems/SYN/SYN608-1.p	6	54	62	30	4	15	7
../../TPTP-v7.3.0/Problems/SYN/SYN253-1.p	48	627	1060	369	5	5	1
../../TPTP-v7.3.0/Problems/SYN/SYN645-1.p	10	123	111	42	6	21	6
../../TPTP-v7.3.0/Problems/SYN/SYN235-1.p	48	626	1060	369	5	5	1
../../TPTP-v7.3.0/Problems/SYN/SYN300-1.p	48	626	1060	369	5	5	1
../../TPTP-v7.3.0/Problems/SYN/SYN419-1.p	66	328	1923	436	15	122	1
../../TPTP-v7.3.0/Problems/SYN/SYN424+1.p	32	232	1678	0	0	230	1
../../TPTP-v7.3.0/Problems/SYN/SYN850-1.p	1056	47196	51028	1792	44	32	1
../../TPTP-v7.3.0/Problems/SYN/SYN660-1.p	15	110	117	54	5	21	6
../../TPTP-v7.3.0/Problems/SYN/SYN571-1.p	3	46	41	20	4	10	5
../../TPTP-v7.3.0/Problems/SYN/SYN818-1.p	1420	97125	102402	2621	60	46	1
../../TPTP-v7.3.0/Problems/SYN/SYN374+1.p	1	4	4	0	0	0	1
../../TPTP-v7.3.0/Problems/SYN/SYN570-1.p	7	35	39	20	4	7	3
../../TPTP-v7.3.0/Problems/SYN/SYN638-1.p	11	83	93	41	4	18	7
../../TPTP-v7.3.0/Problems/SYN/SYN714-1.p	32	245	275	105	5	35	3
../../TPTP-v7.3.0/Problems/SYN/SYN781-1.p	9	167	257	32	10	2	2
../../TPTP-v7.3.0/Problems/SYN/SYN164-1.p	48	626	1060	369	5	5	1
../../TPTP-v7.3.0/Problems/SYN/SYN928+1.p	1	2	2	0	0	0	1
../../TPTP-v7.3.0/Problems/SYN/SYN111-1.p	48	626	1060	369	5	5	1
../../TPTP-v7.3.0/Problems/SYN/SYN151-1.p	48	626	1060	369	5	5	1
../../TPTP-v7.3.0/Problems/SYN/SYN208-1.p	48	626	1060	369	5	5	1
../../TPTP-v7.3.0/Problems/SYN/SYN345-1.p	1	13	24	8	3	3	2
../../TPTP-v7.3.0/Problems/SYN/SYN509+1.p	36	135	799	0	0	31	1
../../TPTP-v7.3.0/Problems/SYN/SYN348-1.p	1	32	96	16	6	2	2
../../TPTP-v7.3.0/Problems/SYN/SYN338-1.p	1	4	3	3	1	1	2
../../TPTP-v7.3.0/Problems/SYN/SYN437-1.p	57	79	761	256	10	52	1
../../TPTP-v7.3.0/Problems/SYN/SYN505-1.p	37	117	797	208	10	32	1
../../TPTP-v7.3.0/Problems/SYN/SYN763-1.p	9	149	299	51	7	1	2
../../TPTP-v7.3.0/Problems/SYN/SYN889-1.p	40	1176	1412	86	24	16	1
../../TPTP-v7.3.0/Problems/SYN/SYN306-1.p	3	6	10	6	2	4	2
../../TPTP-v7.3.0/Problems/SYN/SYN795-1.p	9	201	321	42	10	2	2
../../TPTP-v7.3.0/Problems/SYN/SYN127-1.p	48	626	1060	369	5	5	1
../../TPTP-v7.3.0/Problems/SYN/SYN912-1.p	1676	5571	7430	1780	5	111	2
../../TPTP-v7.3.0/Problems/SYN/SYN979+1.p	4	4	12	0	0	0	1
../../TPTP-v7.3.0/Problems/SYN/SYN429-1.p	85	618	3403	735	16	217	1
../../TPTP-v7.3.0/Problems/SYN/SYN094-1.005.p	63	0	232	82	4	0	0
../../TPTP-v7.3.0/Problems/SYN/SYN546+1.p	26	162	1181	0	0	158	1
../../TPTP-v7.3.0/Problems/SYN/SYN435+1.p	58	53	543	0	0	53	1
../../TPTP-v7.3.0/Problems/SYN/SYN955+1.p	2	3	4	0	0	0	1
../../TPTP-v7.3.0/Problems/SYN/SYN727-1.p	1	4	4	3	2	3	2
../../TPTP-v7.3.0/Problems/SYN/SYN495-1.p	22	6	177	76	8	17	1
../../TPTP-v7.3.0/Problems/SYN/SYN532-1.p	26	46	342	101	10	30	1
../../TPTP-v7.3.0/Problems/SYN/SYN885-1.p	80	2674	2906	112	44	32	1
../../TPTP-v7.3.0/Problems/SYN/SYN196-1.p	48	626	1060	369	5	5	1
../../TPTP-v7.3.0/Problems/SYN/SYN036+2.p	2	8	8	0	0	0	1
../../TPTP-v7.3.0/Problems/SYN/SYN252-1.p	48	627	1060	369	5	5	1
../../TPTP-v7.3.0/Problems/SYN/SYN655-1.p	10	319	157	48	9	22	3
../../TPTP-v7.3.0/Problems/SYN/SYN342-1.p	1	2	2	2	1	2	2
../../TPTP-v7.3.0/Problems/SYN/SYN986+1.001.p	1	7	6	0	0	2	2
../../TPTP-v7.3.0/Problems/SYN/SYN473+1.p	36	111	704	0	0	31	1
../../TPTP-v7.3.0/Problems/SYN/SYN577-1.p	3	43	59	22	10	16	3
../../TPTP-v7.3.0/Problems/SYN/SYN274-1.p	48	627	1060	369	5	5	1
../../TPTP-v7.3.0/Problems/SYN/SYN391+1.p	2	0	8	0	0	0	0
../../TPTP-v7.3.0/Problems/SYN/SYN225-1.p	48	626	1060	369	5	5	1
../../TPTP-v7.3.0/Problems/SYN/SYN368+1.p	1	2	2	0	0	0	1
../../TPTP-v7.3.0/Problems/SYN/SYN245-1.p	48	627	1060	369	5	5	1
../../TPTP-v7.3.0/Problems/SYN/SYN665-1.p	15	110	117	54	5	21	6
../../TPTP-v7.3.0/Problems/SYN/SYN009-1.p	4	9	12	7	6	3	1
../../TPTP-v7.3.0/Problems/SYN/SYN333+1.p	2	3	7	0	0	0	1
../../TPTP-v7.3.0/Problems/SYN/SYN770-1.p	5	109	169	22	10	2	2
../../TPTP-v7.3.0/Problems/SYN/SYN429+1.p	32	216	1601	0	0	217	1
../../TPTP-v7.3.0/Problems/SYN/SYN585-1.p	3	49	53	26	4	14	3
../../TPTP-v7.3.0/Problems/SYN/SYN219-1.p	48	626	1060	369	5	5	1
../../TPTP-v7.3.0/Problems/SYN/SYN583-1.p	6	46	56	25	5	11	3
../../TPTP-v7.3.0/Problems/SYN/SYN759-1.p	5	269	419	51	10	1	2
../../TPTP-v7.3.0/Problems/SYN/SYN315-1.p	2	4	8	4	2	2	2
../../TPTP-v7.3.0/Problems/SYN/SYN598-1.p	8	56	62	29	4	14	11
../../TPTP-v7.3.0/Problems/SYN/SYN536+1.p	17	33	209	0	0	26	1
../../TPTP-v7.3.0/Problems/SYN/SYN744-1.p	9	97	187	31	7	1	2
../../TPTP-v7.3.0/Problems/SYN/SYN174-1.p	48	626	1060	369	5	5	1
../../TPTP-v7.3.0/Problems/SYN/SYN136-1.p	48	627	1060	369	5	5	1
../../TPTP-v7.3.0/Problems/SYN/SYN501+1.p	35	121	750	0	0	30	1
../../TPTP-v7.3.0/Problems/SYN/SYN468-1.p	37	92	698	196	10	32	1
../../TPTP-v7.3.0/Problems/SYN/SYN249-1.p	48	626	1060	369	5	5	1
../../TPTP-v7.3.0/Problems/SYN/SYN348+1.p	1	4	8	0	0	0	1
../../TPTP-v7.3.0/Problems/SYN/SYN472+1.p	36	114	713	0	0	31	1
../../TPTP-v7.3.0/Problems/SYN/SYN628-1.p	8	69	75	36	4	20	6
../../TPTP-v7.3.0/Problems/SYN/SYN006-1.p	6	13	12	7	3	3	4
../../TPTP-v7.3.0/Problems/SYN/SYN169-1.p	48	628	1060	369	5	5	1
../../TPTP-v7.3.0/Problems/SYN/SYN502-1.p	37	114	782	206	10	32	1
../../TPTP-v7.3.0/Problems/SYN/SYN067-3.p	2	120	259	46	7	11	2
../../TPTP-v7.3.0/Problems/SYN/SYN456+1.p	36	87	595	0	0	31	1
../../TPTP-v7.3.0/Problems/SYN/SYN201-1.p	48	626	1060	369	5	5	1
../../TPTP-v7.3.0/Problems/SYN/SYN276-1.p	48	626	1060	369	5	5	1
../../TPTP-v7.3.0/Problems/SYN/SYN498+1.p	36	119	752	0	0	31	1
../../TPTP-v7.3.0/Problems/SYN/SYN230-1.p	48	626	1060	369	5	5	1
../../TPTP-v7.3.0/Problems/SYN/SYN131-1.p	48	628	1060	369	5	5	1
../../TPTP-v7.3.0/Problems/SYN/SYN962+1.p	1	3	3	0	0	0	1
../../TPTP-v7.3.0/Problems/SYN/SYN432+1.p	35	26	288	0	0	30	1
../../TPTP-v7.3.0/Problems/SYN/SYN084-2.p	1	2	19	7	4	4	3
../../TPTP-v7.3.0/Problems/SYN/SYN444-1.p	34	97	658	176	10	29	1
../../TPTP-v7.3.0/Problems/SYN/SYN405+1.p	2	3	4	0	0	0	1
../../TPTP-v7.3.0/Problems/SYN/SYN929+1.p	1	3	3	0	0	0	1
../../TPTP-v7.3.0/Problems/SYN/SYN312-1.p	1	16	14	8	3	6	3
../../TPTP-v7.3.0/Problems/SYN/SYN705-1.p	26	215	178	80	4	31	8
../../TPTP-v7.3.0/Problems/SYN/SYN752-1.p	9	203	323	41	10	1	2
../../TPTP-v7.3.0/Problems/SYN/SYN712-1.p	35	285	236	104	4	40	9
../../TPTP-v7.3.0/Problems/SYN/SYN452-1.p	35	92	653	180	10	30	1
../../TPTP-v7.3.0/Problems/SYN/SYN789-1.p	5	215	335	42	10	2	2
../../TPTP-v7.3.0/Problems/SYN/SYN088-1.010.p	11	10	32	22	11	2	1
../../TPTP-v7.3.0/Problems/SYN/SYN591-1.p	8	40	54	27	4	9	3
../../TPTP-v7.3.0/Problems/SYN/SYN467+1.p	36	108	680	0	0	31	1
../../TPTP-v7.3.0/Problems/SYN/SYN342+1.p	1	4	2	0	0	0	1
../../TPTP-v7.3.0/Problems/SYN/SYN597-1.p	8	58	60	28	4	15	5
../../TPTP-v7.3.0/Problems/SYN/SYN778-1.p	5	160	250	32	10	2	2
../../TPTP-v7.3.0/Problems/SYN/SYN109-1.p	48	626	1060	369	5	5	1
../../TPTP-v7.3.0/Problems/SYN/SYN849-1.p	602	17397	19601	968	32	24	1
../../TPTP-v7.3.0/Problems/SYN/SYN128-1.p	48	626	1060	369	5	5	1
../../TPTP-v7.3.0/Problems/SYN/SYN525+1.p	17	25	196	0	0	30	1
../../TPTP-v7.3.0/Problems/SYN/SYN799-1.p	5	257	407	52	10	2	2
../../TPTP-v7.3.0/Problems/SYN/SYN750-1.p	9	207	327	41	10	1	2
../../TPTP-v7.3.0/Problems/SYN/SYN409+1.p	1	3	3	0	0	0	1
../../TPTP-v7.3.0/Problems/SYN/SYN482-1.p	36	128	800	200	10	31	1
../../TPTP-v7.3.0/Problems/SYN/SYN786-1.p	5	202	322	42	10	2	2
../../TPTP-v7.3.0/Problems/SYN/SYN731+1.p	1	4	2	0	0	0	1
../../TPTP-v7.3.0/Problems/SYN/SYN523+1.p	17	12	103	0	0	16	1
../../TPTP-v7.3.0/Problems/SYN/SYN694-1.p	18	132	155	73	5	28	6
../../TPTP-v7.3.0/Problems/SYN/SYN556-1.p	2	26	25	12	4	10	5
../../TPTP-v7.3.0/Problems/SYN/SYN424-1.p	96	593	3438	767	16	227	1
../../TPTP-v7.3.0/Problems/SYN/SYN325-1.p	2	5	9	5	2	1	2
../../TPTP-v7.3.0/Problems/SYN/SYN640-1.p	9	64	83	42	5	15	27
../../TPTP-v7.3.0/Problems/SYN/SYN696-1.p	18	132	155	73	5	28	6
../../TPTP-v7.3.0/Problems/SYN/SYN195-1.p	48	626	1060	369	5	5	1
../../TPTP-v7.3.0/Problems/SYN/SYN184-1.p	48	626	1060	369	5	5	1
../../TPTP-v7.3.0/Problems/SYN/SYN670-1.p	15	110	117	54	5	21	6
../../TPTP-v7.3.0/Problems/SYN/SYN933+1.p	1	1	2	0	0	0	0
../../TPTP-v7.3.0/Problems/SYN/SYN805-1.p	9	162	312	52	7	2	2
../../TPTP-v7.3.0/Problems/SYN/SYN586-1.p	5	52	56	26	6	15	7
../../TPTP-v7.3.0/Problems/SYN/SYN822-1.p	1026	46710	50398	1768	44	32	1
../../TPTP-v7.3.0/Problems/SYN/SYN066+1.p	3	13	10	0	0	0	1
../../TPTP-v7.3.0/Problems/SYN/SYN666-1.p	15	110	117	54	5	21	6
../../TPTP-v7.3.0/Problems/SYN/SYN388+1.p	1	0	2	0	0	0	0
../../TPTP-v7.3.0/Problems/SYN/SYN872-1.p	100	3558	3732	114	60	38	1
../../TPTP-v7.3.0/Problems/SYN/SYN824-1.p	565	26508	28497	987	43	26	1
../../TPTP-v7.3.0/Problems/SYN/SYN366+1.p	1	6	6	0	0	0	1
../../TPTP-v7.3.0/Problems/SYN/SYN562-1.p	3	25	29	16	4	8	19
../../TPTP-v7.3.0/Problems/SYN/SYN014-2.p	2	29	70	26	6	6	2
../../TPTP-v7.3.0/Problems/SYN/SYN210-1.p	48	626	1060	369	5	5	1
../../TPTP-v7.3.0/Problems/SYN/SYN975+1.p	1	3	2	0	0	0	1
../../TPTP-v7.3.0/Problems/SYN/SYN073-1.p	1	3	3	2	2	2	2
../../TPTP-v7.3.0/Problems/SYN/SYN155-1.p	48	627	1060	369	5	5	1
../../TPTP-v7.3.0/Problems/SYN/SYN938+1.p	21	141	203	0	0	2	2
../../TPTP-v7.3.0/Problems/SYN/SYN295-1.p	48	626	1060	369	5	5	1
../../TPTP-v7.3.0/Problems/SYN/SYN040+1.p	2	0	4	0	0	0	0
../../TPTP-v7.3.0/Problems/SYN/SYN141-1.p	48	627	1060	369	5	5	1
../../TPTP-v7.3.0/Problems/SYN/SYN784-1.p	5	133	253	42	7	2	2
../../TPTP-v7.3.0/Problems/SYN/SYN858-1.p	637	18079	20443	1008	32	24	1
../../TPTP-v7.3.0/Problems/SYN/SYN916-1.p	1	0	1	1	1	0	0
../../TPTP-v7.3.0/Problems/SYN/SYN817-1.p	903	42262	45516	1588	44	28	1
../../TPTP-v7.3.0/Problems/SYN/SYN379+1.p	2	5	4	0	0	0	1
../../TPTP-v7.3.0/Problems/SYN/SYN524+1.p	17	31	216	0	0	31	1
../../TPTP-v7.3.0/Problems/SYN/SYN503+1.p	35	128	771	0	0	30	1
../../TPTP-v7.3.0/Problems/SYN/SYN918+1.p	3	6	15	0	0	0	1
../../TPTP-v7.3.0/Problems/SYN/SYN971+1.p	1	2	2	0	0	0	1
../../TPTP-v7.3.0/Problems/SYN/SYN509-1.p	36	135	831	204	10	31	1
../../TPTP-v7.3.0/Problems/SYN/SYN480-1.p	37	126	803	204	10	32	1
../../TPTP-v7.3.0/Problems/SYN/SYN950+1.p	2	4	6	0	0	0	1
../../TPTP-v7.3.0/Problems/SYN/SYN443+1.p	36	85	588	0	0	31	1
../../TPTP-v7.3.0/Problems/SYN/SYN324+1.p	1	2	4	0	0	0	1
../../TPTP-v7.3.0/Problems/SYN/SYN138-1.p	48	626	1060	369	5	5	1
../../TPTP-v7.3.0/Problems/SYN/SYN478-1.p	36	103	739	200	10	31	1
../../TPTP-v7.3.0/Problems/SYN/SYN689-1.p	15	100	129	62	4	30	28
../../TPTP-v7.3.0/Problems/SYN/SYN919+1.p	1	7	7	0	0	0	1
../../TPTP-v7.3.0/Problems/SYN/SYN373+1.p	2	3	4	0	0	0	1
../../TPTP-v7.3.0/Problems/SYN/SYN488-1.p	37	112	776	204	10	32	1
../../TPTP-v7.3.0/Problems/SYN/SYN065+1.p	3	9	8	0	0	0	1
../../TPTP-v7.3.0/Problems/SYN/SYN320-1.p	1	3	4	3	2	3	2
../../TPTP-v7.3.0/Problems/SYN/SYN726-1.p	2	10	12	6	3	4	1
../../TPTP-v7.3.0/Problems/SYN/SYN234-1.p	48	626	1060	369	5	5	1
../../TPTP-v7.3.0/Problems/SYN/SYN504+1.p	37	126	773	0	0	32	1
../../TPTP-v7.3.0/Problems/SYN/SYN455+1.p	36	90	603	0	0	31	1
../../TPTP-v7.3.0/Problems/SYN/SYN053+1.p	2	2	4	0	0	0	1
../../TPTP-v7.3.0/Problems/SYN/SYN147-1.p	48	627	1060	369	5	5	1
../../TPTP-v7.3.0/Problems/SYN/SYN323+1.p	2	3	6	0	0	0	1
../../TPTP-v7.3.0/Problems/SYN/SYN218-1.p	48	627	1060	369	5	5	1
../../TPTP-v7.3.0/Problems/SYN/SYN446-1.p	36	92	662	184	10	31	1
../../TPTP-v7.3.0/Problems/SYN/SYN008-1.p	7	0	13	6	4	0	0
../../TPTP-v7.3.0/Problems/SYN/SYN102-1.007.007.p	37	392	200	71	8	2	1
../../TPTP-v7.3.0/Problems/SYN/SYN046-1.p	2	0	4	3	2	0	0
../../TPTP-v7.3.0/Problems/SYN/SYN777-1.p	5	160	250	32	10	2	2
../../TPTP-v7.3.0/Problems/SYN/SYN438-1.p	35	74	572	168	10	30	1
../../TPTP-v7.3.0/Problems/SYN/SYN518-1.p	52	366	2046	473	15	151	1
../../TPTP-v7.3.0/Problems/SYN/SYN841-1.p	1589	107474	113324	2856	60	46	1
../../TPTP-v7.3.0/Problems/SYN/SYN058-1.p	6	4	16	9	3	3	1
../../TPTP-v7.3.0/Problems/SYN/SYN124-1.p	48	626	1060	369	5	5	1
../../TPTP-v7.3.0/Problems/SYN/SYN661-1.p	15	110	117	54	5	21	6
../../TPTP-v7.3.0/Problems/SYN/SYN663-1.p	15	110	117	54	5	21	6
../../TPTP-v7.3.0/Problems/SYN/SYN048-1.p	1	2	2	2	1	1	2
../../TPTP-v7.3.0/Problems/SYN/SYN803-1.p	9	144	294	52	7	2	2
../../TPTP-v7.3.0/Problems/SYN/SYN439-1.p	58	81	773	260	10	53	1
../../TPTP-v7.3.0/Problems/SYN/SYN887-1.p	79	2735	2967	112	44	32	1
../../TPTP-v7.3.0/Problems/SYN/SYN507+1.p	35	117	740	0	0	30	1
../../TPTP-v7.3.0/Problems/SYN/SYN289-1.p	48	626	1060	369	5	5	1
../../TPTP-v7.3.0/Problems/SYN/SYN749-1.p	9	120	240	41	7	1	2
../../TPTP-v7.3.0/Problems/SYN/SYN910-1.p	1346	4459	5952	1434	5	98	2
../../TPTP-v7.3.0/Problems/SYN/SYN084-1.p	1	14	50	13	5	4	3
../../TPTP-v7.3.0/Problems/SYN/SYN063+1.p	1	2	10	0	0	3	1
../../TPTP-v7.3.0/Problems/SYN/SYN915+1.p	1	0	1	0	0	0	0
../../TPTP-v7.3.0/Problems/SYN/SYN193-10.p	1	616	363	363	1	55	6
../../TPTP-v7.3.0/Problems/SYN/SYN862-1.p	1104	47945	51937	1832	44	32	1
../../TPTP-v7.3.0/Problems/SYN/SYN499+1.p	36	127	775	0	0	31	1
../../TPTP-v7.3.0/Problems/SYN/SYN627-1.p	8	97	88	36	7	16	4
../../TPTP-v7.3.0/Problems/SYN/SYN112-1.p	48	627	1060	369	5	5	1
../../TPTP-v7.3.0/Problems/SYN/SYN264-1.p	48	626	1060	369	5	5	1
../../TPTP-v7.3.0/Problems/SYN/SYN957+1.p	1	2	2	0	0	0	1
../../TPTP-v7.3.0/Problems/SYN/SYN808-1.p	9	247	397	52	10	2	2
../../TPTP-v7.3.0/Problems/SYN/SYN981+1.p	3	3	6	0	0	0	1
../../TPTP-v7.3.0/Problems/SYN/SYN756-1.p	5	153	303	51	7	1	2
../../TPTP-v7.3.0/Problems/SYN/SYN476+1.p	37	109	702	0	0	32	1
../../TPTP-v7.3.0/Problems/SYN/SYN458-1.p	37	87	661	188	10	32	1
../../TPTP-v7.3.0/Problems/SYN/SYN390+1.p	1	0	2	0	0	0	0
../../TPTP-v7.3.0/Problems/SYN/SYN761-1.p	5	249	399	51	10	1	2
../../TPTP-v7.3.0/Problems/SYN/SYN149-1.p	48	627	1060	369	5	5	1
../../TPTP-v7.3.0/Problems/SYN/SYN060+1.p	4	3	8	0	0	0	1
../../TPTP-v7.3.0/Problems/SYN/SYN316-1.p	1	2	4	2	2	1	2
../../TPTP-v7.3.0/Problems/SYN/SYN369+1.p	1	5	3	0	0	0	1
../../TPTP-v7.3.0/Problems/SYN/SYN396+1.p	1	2	2	0	0	0	1
../../TPTP-v7.3.0/Problems/SYN/SYN052-1.p	2	4	10	5	2	1	1
../../TPTP-v7.3.0/Problems/SYN/SYN564-1.p	3	45	37	18	4	8	4
../../TPTP-v7.3.0/Problems/SYN/SYN512+1.p	37	112	730	0	0	32	1
../../TPTP-v7.3.0/Problems/SYN/SYN385+1.p	2	2	3	0	0	0	1
../../TPTP-v7.3.0/Problems/SYN/SYN931+1.p	2	2	4	0	0	0	1
../../TPTP-v7.3.0/Problems/SYN/SYN440+1.p	72	97	805	0	0	67	1
../../TPTP-v7.3.0/Problems/SYN/SYN677-1.p	15	110	118	55	5	21	6
../../TPTP-v7.3.0/Problems/SYN/SYN956+1.p	2	3	4	0	0	0	1
../../TPTP-v7.3.0/Problems/SYN/SYN625-1.p	10	104	91	35	6	10	4
../../TPTP-v7.3.0/Problems/SYN/SYN180-1.p	48	626	1060	369	5	5	1
../../TPTP-v7.3.0/Problems/SYN/SYN543-1.p	72	100	952	320	10	65	1
../../TPTP-v7.3.0/Problems/SYN/SYN702-1.p	26	215	177	79	4	30	8
../../TPTP-v7.3.0/Problems/SYN/SYN922+1.p	2	3	4	0	0	0	1
../../TPTP-v7.3.0/Problems/SYN/SYN542-1.p	66	85	852	290	10	59	1
../../TPTP-v7.3.0/Problems/SYN/SYN436+1.p	33	63	446	0	0	28	1
../../TPTP-v7.3.0/Problems/SYN/SYN082+1.p	1	3	4	0	0	1	2
../../TPTP-v7.3.0/Problems/SYN/SYN707-1.p	17	132	164	83	4	41	28
../../TPTP-v7.3.0/Problems/SYN/SYN648-1.p	15	110	107	44	6	18	6
../../TPTP-v7.3.0/Problems/SYN/SYN838-1.p	990	44993	48543	1690	44	30	1
../../TPTP-v7.3.0/Problems/SYN/SYN047-1.p	4	0	10	5	3	0	0
../../TPTP-v7.3.0/Problems/SYN/SYN045-1.p	3	0	7	4	2	0	0
../../TPTP-v7.3.0/Problems/SYN/SYN352-1.p	1	12	18	7	3	3	2
../../TPTP-v7.3.0/Problems/SYN/SYN237-1.p	48	627	1060	369	5	5	1
../../TPTP-v7.3.0/Problems/SYN/SYN213-1.p	48	626	1060	369	5	5	1
../../TPTP-v7.3.0/Problems/SYN/SYN715-1.p	35	293	240	106	4	40	9
../../TPTP-v7.3.0/Problems/SYN/SYN510-1.p	37	107	774	208	10	32	1
../../TPTP-v7.3.0/Problems/SYN/SYN944+1.p	4	8	9	0	0	0	1
../../TPTP-v7.3.0/Problems/SYN/SYN412+1.p	1	2	2	0	0	0	1
../../TPTP-v7.3.0/Problems/SYN/SYN501-1.p	35	120	781	199	10	30	1
../../TPTP-v7.3.0/Problems/SYN/SYN007+1.014.p	14	0	28	0	0	0	0
../../TPTP-v7.3.0/Problems/SYN/SYN602-1.p	5	66	77	30	5	17	4
../../TPTP-v7.3.0/Problems/SYN/SYN171-1.p	48	626	1060	369	5	5	1
../../TPTP-v7.3.0/Problems/SYN/SYN362+1.p	2	5	4	0	0	0	1
../../TPTP-v7.3.0/Problems/SYN/SYN831-1.p	1437	95464	100792	2632	60	40	1
../../TPTP-v7.3.0/Problems/SYN/SYN394+1.p	2	3	4	0	0	0	1
../../TPTP-v7.3.0/Problems/SYN/SYN682-1.p	15	110	118	55	5	21	6
../../TPTP-v7.3.0/Problems/SYN/SYN588-1.p	4	46	51	26	4	20	9
../../TPTP-v7.3.0/Problems/SYN/SYN327+1.p	1	3	7	0	0	0	1
../../TPTP-v7.3.0/Problems/SYN/SYN623-1.p	11	78	80	35	5	17	4
../../TPTP-v7.3.0/Problems/SYN/SYN594-1.p	4	58	62	27	4	17	9
../../TPTP-v7.3.0/Problems/SYN/SYN815-1.p	846	39291	42340	1487	44	30	1
../../TPTP-v7.3.0/Problems/SYN/SYN578-1.p	6	42	50	23	4	9	3
../../TPTP-v7.3.0/Problems/SYN/SYN454+1.p	35	83	576	0	0	30	1
../../TPTP-v7.3.0/Problems/SYN/SYN923+1.p	2	3	4	0	0	0	1
../../TPTP-v7.3.0/Problems/SYN/SYN242-1.p	48	626	1060	369	5	5	1
../../TPTP-v7.3.0/Problems/SYN/SYN287-1.p	48	628	1060	369	5	5	1
../../TPTP-v7.3.0/Problems/SYN/SYN191-1.p	48	626	1060	369	5	5	1
../../TPTP-v7.3.0/Problems/SYN/SYN351+1.p	1	5	9	0	0	0	1
../../TPTP-v7.3.0/Problems/SYN/SYN742-1.p	5	155	245	31	10	1	2
../../TPTP-v7.3.0/Problems/SYN/SYN175-1.p	48	628	1060	369	5	5	1
../../TPTP-v7.3.0/Problems/SYN/SYN827-1.p	318	6516	7632	496	24	16	1
../../TPTP-v7.3.0/Problems/SYN/SYN568-1.p	4	41	44	20	4	9	5
../../TPTP-v7.3.0/Problems/SYN/SYN340+1.p	1	4	2	0	0	0	1
../../TPTP-v7.3.0/Problems/SYN/SYN407+1.p	3	3	7	0	0	0	1
../../TPTP-v7.3.0/Problems/SYN/SYN465+1.p	37	102	668	0	0	32	1
../../TPTP-v7.3.0/Problems/SYN/SYN389+1.p	2	0	4	0	0	0	0
../../TPTP-v7.3.0/Problems/SYN/SYN767-1.p	9	255	405	51	10	1	2
../../TPTP-v7.3.0/Problems/SYN/SYN517+1.p	17	15	132	0	0	20	1
../../TPTP-v7.3.0/Problems/SYN/SYN068-1.p	4	6	13	7	2	3	2
../../TPTP-v7.3.0/Problems/SYN/SYN259-1.p	48	627	1060	369	5	5	1
../../TPTP-v7.3.0/Problems/SYN/SYN310-1.p	1	12	10	6	2	5	3
../../TPTP-v7.3.0/Problems/SYN/SYN010-1.005.005.p	26	0	132	27	6	0	0
../../TPTP-v7.3.0/Problems/SYN/SYN874-1.p	40	858	1014	66	24	16	1
../../TPTP-v7.3.0/Problems/SYN/SYN528+1.p	17	26	219	0	0	37	1
../../TPTP-v7.3.0/Problems/SYN/SYN839-1.p	1596	106984	112862	2870	60	46	1
../../TPTP-v7.3.0/Problems/SYN/SYN263-1.p	48	626	1060	369	5	5	1
../../TPTP-v7.3.0/Problems/SYN/SYN729-1.p	2	5	11	6	2	4	4
../../TPTP-v7.3.0/Problems/SYN/SYN461+1.p	34	95	607	0	0	29	1
../../TPTP-v7.3.0/Problems/SYN/SYN350+1.p	1	4	6	0	0	0	1
../../TPTP-v7.3.0/Problems/SYN/SYN537+1.p	17	38	293	0	0	41	1
../../TPTP-v7.3.0/Problems/SYN/SYN507-1.p	35	117	788	200	10	30	1
../../TPTP-v7.3.0/Problems/SYN/SYN351-1.p	1	14	14	7	3	3	2
../../TPTP-v7.3.0/Problems/SYN/SYN299-1.p	48	626	1060	369	5	5	1
../../TPTP-v7.3.0/Problems/SYN/SYN066-1.p	3	12	10	6	2	5	2
../../TPTP-v7.3.0/Problems/SYN/SYN443-1.p	36	85	646	184	10	31	1
../../TPTP-v7.3.0/Problems/SYN/SYN325+1.p	2	2	5	0	0	0	1
../../TPTP-v7.3.0/Problems/SYN/SYN829-1.p	1388	93012	98123	2523	59	40	1
../../TPTP-v7.3.0/Problems/SYN/SYN986+1.006.p	1	12	11	0	0	2	2
../../TPTP-v7.3.0/Problems/SYN/SYN402+1.p	1	2	2	0	0	0	1
../../TPTP-v7.3.0/Problems/SYN/SYN435-1.p	58	52	679	252	10	53	1
../../TPTP-v7.3.0/Problems/SYN/SYN900-1.p	80	2975	3247	122	44	32	1
../../TPTP-v7.3.0/Problems/SYN/SYN690-1.p	20	160	148	62	6	27	6
../../TPTP-v7.3.0/Problems/SYN/SYN685-1.p	15	110	118	55	5	21	6
../../TPTP-v7.3.0/Problems/SYN/SYN317-1.p	2	2	6	3	4	3	1
../../TPTP-v7.3.0/Problems/SYN/SYN038-1.p	2	14	17	7	3	1	2
../../TPTP-v7.3.0/Problems/SYN/SYN049+1.p	2	3	4	0	0	0	1
../../TPTP-v7.3.0/Problems/SYN/SYN601-1.p	8	60	63	30	4	16	5
../../TPTP-v7.3.0/Problems/SYN/SYN005-1.010.p	10	10	20	11	10	1	1
../../TPTP-v7.3.0/Problems/SYN/SYN063-2.p	1	0	4	3	2	2	1
../../TPTP-v7.3.0/Problems/SYN/SYN469-1.p	34	106	705	183	10	29	1
../../TPTP-v7.3.0/Problems/SYN/SYN036-2.p	2	512	1024	128	8	24	2
../../TPTP-v7.3.0/Problems/SYN/SYN115-1.p	48	626	1060	369	5	5	1
../../TPTP-v7.3.0/Problems/SYN/SYN542+1.p	66	85	712	0	0	59	1
../../TPTP-v7.3.0/Problems/SYN/SYN680-1.p	15	110	118	55	5	21	6
../../TPTP-v7.3.0/Problems/SYN/SYN584-1.p	7	55	56	25	4	14	8
../../TPTP-v7.3.0/Problems/SYN/SYN255-1.p	48	626	1060	369	5	5	1
../../TPTP-v7.3.0/Problems/SYN/SYN314-1.002.001.p	1	8	5	2	3	10	2
../../TPTP-v7.3.0/Problems/SYN/SYN067-2.p	2	150	289	55	9	12	2
../../TPTP-v7.3.0/Problems/SYN/SYN497+1.p	19	10	124	0	0	14	1
../../TPTP-v7.3.0/Problems/SYN/SYN547+1.p	26	160	1137	0	0	148	1
../../TPTP-v7.3.0/Problems/SYN/SYN458+1.p	37	87	596	0	0	32	1
../../TPTP-v7.3.0/Problems/SYN/SYN422-1.p	80	457	2489	529	15	152	1
../../TPTP-v7.3.0/Problems/SYN/SYN459+1.p	31	99	605	0	0	26	1
../../TPTP-v7.3.0/Problems/SYN/SYN614-1.p	6	70	72	31	4	21	9
../../TPTP-v7.3.0/Problems/SYN/SYN758-1.p	5	249	399	51	10	1	2
../../TPTP-v7.3.0/Problems/SYN/SYN653-1.p	10	319	157	48	9	22	3
../../TPTP-v7.3.0/Problems/SYN/SYN899-1.p	80	3021	3293	122	44	32	1
../../TPTP-v7.3.0/Problems/SYN/SYN966+1.p	2	5	5	0	0	0	1
../../TPTP-v7.3.0/Problems/SYN/SYN765-1.p	9	255	405	51	10	1	2
../../TPTP-v7.3.0/Problems/SYN/SYN635-1.p	8	113	102	40	4	23	4
../../TPTP-v7.3.0/Problems/SYN/SYN790-1.p	9	125	245	42	7	2	2
../../TPTP-v7.3.0/Problems/SYN/SYN810-1.p	9	254	404	52	10	2	2
../../TPTP-v7.3.0/Problems/SYN/SYN326+1.p	3	3	9	0	0	0	1
../../TPTP-v7.3.0/Problems/SYN/SYN293-1.p	48	626	1060	369	5	5	1
../../TPTP-v7.3.0/Problems/SYN/SYN729+1.p	2	5	9	0	0	2	3
../../TPTP-v7.3.0/Problems/SYN/SYN683-1.p	15	110	118	55	5	21	6
../../TPTP-v7.3.0/Problems/SYN/SYN123-1.p	48	626	1060	369	5	5	1
../../TPTP-v7.3.0/Problems/SYN/SYN430-1.p	30	20	300	116	10	25	1
../../TPTP-v7.3.0/Problems/SYN/SYN463+1.p	35	89	596	0	0	30	1
../../TPTP-v7.3.0/Problems/SYN/SYN654-1.p	10	319	157	48	9	22	3
../../TPTP-v7.3.0/Problems/SYN/SYN459-1.p	31	98	631	163	10	26	1
../../TPTP-v7.3.0/Problems/SYN/SYN350-1.p	1	12	16	6	3	2	2
../../TPTP-v7.3.0/Problems/SYN/SYN145-1.p	48	627	1060	369	5	5	1
../../TPTP-v7.3.0/Problems/SYN/SYN205-1.p	48	626	1060	369	5	5	1
../../TPTP-v7.3.0/Problems/SYN/SYN452+1.p	35	92	603	0	0	30	1
../../TPTP-v7.3.0/Problems/SYN/SYN170-1.p	48	628	1060	369	5	5	1
../../TPTP-v7.3.0/Problems/SYN/SYN881-1.p	56	1582	1794	92	32	24	1
../../TPTP-v7.3.0/Problems/SYN/SYN961+1.p	1	3	3	0	0	0	1
../../TPTP-v7.3.0/Problems/SYN/SYN566-1.p	6	35	40	19	4	8	3
../../TPTP-v7.3.0/Problems/SYN/SYN937+1.p	2	2	4	0	0	0	1
../../TPTP-v7.3.0/Problems/SYN/SYN444+1.p	34	97	614	0	0	29	1
../../TPTP-v7.3.0/Problems/SYN/SYN456-1.p	36	87	650	184	10	31	1
../../TPTP-v7.3.0/Problems/SYN/SYN612-1.p	6	54	62	30	4	15	7
../../TPTP-v7.3.0/Problems/SYN/SYN806-1.p	9	248	398	52	10	2	2
../../TPTP-v7.3.0/Problems/SYN/SYN964+1.p	1	2	2	0	0	0	1
../../TPTP-v7.3.0/Problems/SYN/SYN927+1.p	1	2	2	0	0	0	1
../../TPTP-v7.3.0/Problems/SYN/SYN611-1.p	6	54	62	30	4	15	7
../../TPTP-v7.3.0/Problems/SYN/SYN354-1.p	2	10	17	7	4	3	2
../../TPTP-v7.3.0/Problems/SYN/SYN526+1.p	17	33	231	0	0	33	1
../../TPTP-v7.3.0/Problems/SYN/SYN135-1.p	48	628	1060	369	5	5	1
../../TPTP-v7.3.0/Problems/SYN/SYN620-1.p	9	66	72	34	4	17	6
../../TPTP-v7.3.0/Problems/SYN/SYN487+1.p	37	97	674	0	0	32	1
../../TPTP-v7.3.0/Problems/SYN/SYN323-1.p	2	4	8	4	2	1	1
../../TPTP-v7.3.0/Problems/SYN/SYN783-1.p	9	148	238	32	10	2	2
../../TPTP-v7.3.0/Problems/SYN/SYN346+1.p	1	6	6	0	0	0	1
../../TPTP-v7.3.0/Problems/SYN/SYN041+1.p	2	0	4	0	0	0	0
../../TPTP-v7.3.0/Problems/SYN/SYN060-1.p	4	6	13	7	2	1	1
../../TPTP-v7.3.0/Problems/SYN/SYN040-1.p	2	0	6	4	2	0	0
../../TPTP-v7.3.0/Problems/SYN/SYN686-1.p	18	134	131	58	4	26	6
../../TPTP-v7.3.0/Problems/SYN/SYN451-1.p	34	91	642	175	10	29	1
../../TPTP-v7.3.0/Problems/SYN/SYN036-1.p	2	512	1024	128	8	24	2
../../TPTP-v7.3.0/Problems/SYN/SYN667-1.p	15	110	117	54	5	21	6
../../TPTP-v7.3.0/Problems/SYN/SYN220-1.p	48	627	1060	369	5	5	1
../../TPTP-v7.3.0/Problems/SYN/SYN011-1.p	7	0	17	8	3	0	0
../../TPTP-v7.3.0/Problems/SYN/SYN520+1.p	17	181	1363	0	0	204	1
../../TPTP-v7.3.0/Problems/SYN/SYN431-1.p	34	17	325	132	10	29	1
../../TPTP-v7.3.0/Problems/SYN/SYN428+1.p	32	210	1509	0	0	199	1
../../TPTP-v7.3.0/Problems/SYN/SYN497-1.p	19	10	162	64	10	14	1
../../TPTP-v7.3.0/Problems/SYN/SYN095-1.002.p	6	9	25	13	3	1	1
../../TPTP-v7.3.0/Problems/SYN/SYN554-1.p	2	17	19	9	4	4	2
../../TPTP-v7.3.0/Problems/SYN/SYN357+1.p	1	2	2	0	0	0	1
../../TPTP-v7.3.0/Problems/SYN/SYN154-1.p	48	626	1060	369	5	5	1
../../TPTP-v7.3.0/Problems/SYN/SYN843-1.p	365	7398	8834	576	24	16	1
../../TPTP-v7.3.0/Problems/SYN/SYN193-1.p	48	626	1060	369	5	5	1
../../TPTP-v7.3.0/Problems/SYN/SYN757-1.p	5	156	306	51	7	1	2
../../TPTP-v7.3.0/Problems/SYN/SYN460-1.p	64	101	905	296	10	59	1
../../TPTP-v7.3.0/Problems/SYN/SYN034-1.p	1	4	7	3	3	2	2
../../TPTP-v7.3.0/Problems/SYN/SYN099-1.003.p	24	38	110	50	3	1	1
../../TPTP-v7.3.0/Problems/SYN/SYN539-1.p	29	143	717	154	11	51	1
../../TPTP-v7.3.0/Problems/SYN/SYN339-1.p	1	4	2	2	1	1	2
../../TPTP-v7.3.0/Problems/SYN/SYN878-1.p	40	1009	1205	76	24	16	1
../../TPTP-v7.3.0/Problems/SYN/SYN420+1.p	32	182	1310	0	0	180	1
../../TPTP-v7.3.0/Problems/SYN/SYN500-1.p	35	141	831	200	10	30	1
../../TPTP-v7.3.0/Problems/SYN/SYN483+1.p	35	111	711	0	0	30	1
../../TPTP-v7.3.0/Problems/SYN/SYN637-1.p	11	83	93	41	4	18	7
../../TPTP-v7.3.0/Problems/SYN/SYN457+1.p	81	89	827	0	0	76	1
../../TPTP-v7.3.0/Problems/SYN/SYN063-1.p	1	4	22	7	5	5	1
../../TPTP-v7.3.0/Problems/SYN/SYN762-1.p	5	240	390	51	10	1	2
../../TPTP-v7.3.0/Problems/SYN/SYN200-1.p	48	626	1060	369	5	5	1
../../TPTP-v7.3.0/Problems/SYN/SYN416+1.p	2	0	4	0	0	0	0
../../TPTP-v7.3.0/Problems/SYN/SYN092-1.003.p	28	0	116	42	3	0	0
../../TPTP-v7.3.0/Problems/SYN/SYN475+1.p	35	116	712	0	0	30	1
../../TPTP-v7.3.0/Problems/SYN/SYN370+1.p	1	3	3	0	0	3	2
../../TPTP-v7.3.0/Problems/SYN/SYN539+1.p	17	53	370	0	0	53	1
../../TPTP-v7.3.0/Problems/SYN/SYN558-1.p	4	30	33	14	5	5	2
../../TPTP-v7.3.0/Problems/SYN/SYN540+1.p	17	46	319	0	0	44	1
../../TPTP-v7.3.0/Problems/SYN/SYN080-1.p	1	2	2	2	1	4	3
../../TPTP-v7.3.0/Problems/SYN/SYN079-1.p	1	3	6	4	3	4	2
../../TPTP-v7.3.0/Problems/SYN/SYN119-1.p	48	626	1060	369	5	5	1
../../TPTP-v7.3.0/Problems/SYN/SYN820-1.p	349	7048	8332	544	24	16	1
../../TPTP-v7.3.0/Problems/SYN/SYN243-1.p	48	626	1060	369	5	5	1
../../TPTP-v7.3.0/Problems/SYN/SYN531+1.p	17	25	178	0	0	24	1
../../TPTP-v7.3.0/Problems/SYN/SYN363+1.p	1	5	4	0	0	2	1
../../TPTP-v7.3.0/Problems/SYN/SYN646-1.p	9	64	85	44	5	15	27
../../TPTP-v7.3.0/Problems/SYN/SYN048+1.p	1	2	2	0	0	0	1
../../TPTP-v7.3.0/Problems/SYN/SYN470-1.p	37	105	731	196	10	32	1
../../TPTP-v7.3.0/Problems/SYN/SYN631-1.p	11	90	84	38	4	17	3
../../TPTP-v7.3.0/Problems/SYN/SYN278-1.p	48	628	1060	369	5	5	1
../../TPTP-v7.3.0/Problems/SYN/SYN217-1.p	48	626	1060	369	5	5	1
../../TPTP-v7.3.0/Problems/SYN/SYN724-1.p	2	1	12	5	3	2	1
../../TPTP-v7.3.0/Problems/SYN/SYN280-1.p	48	628	1060	369	5	5	1
../../TPTP-v7.3.0/Problems/SYN/SYN331+1.p	1	3	8	0	0	0	1
../../TPTP-v7.3.0/Problems/SYN/SYN548+1.p	0	0	0	0	0	0	0
../../TPTP-v7.3.0/Problems/SYN/SYN031-1.p	1	8	10	5	2	2	2
../../TPTP-v7.3.0/Problems/SYN/SYN089-1.002.p	6	0	25	13	3	0	0
../../TPTP-v7.3.0/Problems/SYN/SYN657-1.p	10	102	108	50	4	25	7
../../TPTP-v7.3.0/Problems/SYN/SYN800-1.p	5	255	405	52	10	2	2
../../TPTP-v7.3.0/Problems/SYN/SYN718-1.p	39	300	276	118	4	53	7
../../TPTP-v7.3.0/Problems/SYN/SYN515-1.p	27	65	369	89	12	26	1
../../TPTP-v7.3.0/Problems/SYN/SYN165-1.p	48	627	1060	369	5	5	1
../../TPTP-v7.3.0/Problems/SYN/SYN467-1.p	36	108	726	192	10	31	1
../../TPTP-v7.3.0/Problems/SYN/SYN450-1.p	35	90	653	180	10	30	1
../../TPTP-v7.3.0/Problems/SYN/SYN320+1.p	1	4	4	0	0	0	1
../../TPTP-v7.3.0/Problems/SYN/SYN967+1.p	2	4	6	0	0	0	1
../../TPTP-v7.3.0/Problems/SYN/SYN081+1.p	1	2	4	0	0	1	2
../../TPTP-v7.3.0/Problems/SYN/SYN161-1.p	48	627	1060	369	5	5	1
../../TPTP-v7.3.0/Problems/SYN/SYN671-1.p	15	110	117	54	5	21	6
../../TPTP-v7.3.0/Problems/SYN/SYN968+1.p	1	2	2	0	0	0	1
../../TPTP-v7.3.0/Problems/SYN/SYN894-1.p	56	1892	2144	102	32	24	1
../../TPTP-v7.3.0/Problems/SYN/SYN090-1.008.p	34	0	182	65	3	0	0
../../TPTP-v7.3.0/Problems/SYN/SYN037-2.p	5	20	78	22	4	10	2
../../TPTP-v7.3.0/Problems/SYN/SYN190-1.p	48	627	1060	369	5	5	1
../../TPTP-v7.3.0/Problems/SYN/SYN643-1.p	8	82	100	42	6	11	4
../../TPTP-v7.3.0/Problems/SYN/SYN851-1.p	1044	45963	49715	1752	44	32	1
../../TPTP-v7.3.0/Problems/SYN/SYN753-1.p	9	206	326	41	10	1	2
../../TPTP-v7.3.0/Problems/SYN/SYN772-1.p	9	57	117	22	7	2	2
../../TPTP-v7.3.0/Problems/SYN/SYN197-1.p	48	626	1060	369	5	5	1
../../TPTP-v7.3.0/Problems/SYN/SYN731-1.p	1	4	2	2	1	1	2
../../TPTP-v7.3.0/Problems/SYN/SYN804-1.p	9	151	301	52	7	2	2
../../TPTP-v7.3.0/Problems/SYN/SYN512-1.p	37	112	780	206	10	32	1
../../TPTP-v7.3.0/Problems/SYN/SYN341-1.p	1	4	2	2	1	2	2
../../TPTP-v7.3.0/Problems/SYN/SYN726+1.p	2	14	12	0	0	0	1
../../TPTP-v7.3.0/Problems/SYN/SYN058+1.p	6	7	12	0	0	0	1
../../TPTP-v7.3.0/Problems/SYN/SYN436-1.p	33	63	502	152	10	28	1
../../TPTP-v7.3.0/Problems/SYN/SYN500+1.p	35	141	810	0	0	30	1
../../TPTP-v7.3.0/Problems/SYN/SYN086-1.003.p	12	0	49	19	3	0	0
../../TPTP-v7.3.0/Problems/SYN/SYN846-1.p	614	17722	19926	968	32	24	1
../../TPTP-v7.3.0/Problems/SYN/SYN856-1.p	373	7759	9355	616	24	16	1
../../TPTP-v7.3.0/Problems/SYN/SYN347-1.p	1	12	16	6	3	3	2
../../TPTP-v7.3.0/Problems/SYN/SYN377+1.p	1	4	4	0	0	0	1
../../TPTP-v7.3.0/Problems/SYN/SYN508+1.p	37	116	747	0	0	32	1
../../TPTP-v7.3.0/Problems/SYN/SYN771-1.p	5	103	163	22	10	2	2
../../TPTP-v7.3.0/Problems/SYN/SYN250-1.p	48	626	1060	369	5	5	1
../../TPTP-v7.3.0/Problems/SYN/SYN506+1.p	34	126	759	0	0	29	1
../../TPTP-v7.3.0/Problems/SYN/SYN211-1.p	48	626	1060	369	5	5	1
../../TPTP-v7.3.0/Problems/SYN/SYN349+1.p	1	4	6	0	0	0	1
../../TPTP-v7.3.0/Problems/SYN/SYN194-1.p	48	626	1060	369	5	5	1
../../TPTP-v7.3.0/Problems/SYN/SYN125-1.p	48	626	1060	369	5	5	1
../../TPTP-v7.3.0/Problems/SYN/SYN163-1.p	48	626	1060	369	5	5	1
../../TPTP-v7.3.0/Problems/SYN/SYN414+1.p	3	6	8	0	0	0	1
../../TPTP-v7.3.0/Problems/SYN/SYN868-1.p	48	809	894	55	31	18	1
../../TPTP-v7.3.0/Problems/SYN/SYN103-1.p	48	626	1060	369	5	5	1
../../TPTP-v7.3.0/Problems/SYN/SYN041-1.p	2	0	4	4	1	0	0
../../TPTP-v7.3.0/Problems/SYN/SYN352+1.p	1	5	11	0	0	0	1
../../TPTP-v7.3.0/Problems/SYN/SYN148-1.p	48	626	1060	369	5	5	1
../../TPTP-v7.3.0/Problems/SYN/SYN615-1.p	6	70	72	31	4	21	9
../../TPTP-v7.3.0/Problems/SYN/SYN541-1.p	26	119	665	145	12	49	1
../../TPTP-v7.3.0/Problems/SYN/SYN335-1.p	2	24	26	12	3	1	2
../../TPTP-v7.3.0/Problems/SYN/SYN448-1.p	34	93	649	176	10	29	1
../../TPTP-v7.3.0/Problems/SYN/SYN221-1.p	48	627	1060	369	5	5	1
../../TPTP-v7.3.0/Problems/SYN/SYN476-1.p	37	109	751	200	10	32	1
../../TPTP-v7.3.0/Problems/SYN/SYN973+1.p	1	0	2	0	0	1	1
../../TPTP-v7.3.0/Problems/SYN/SYN009-2.p	5	12	16	8	6	3	1
../../TPTP-v7.3.0/Problems/SYN/SYN527-1.p	21	41	315	84	9	26	1
../../TPTP-v7.3.0/Problems/SYN/SYN828-1.p	815	37988	40912	1416	44	28	1
../../TPTP-v7.3.0/Problems/SYN/SYN466+1.p	37	104	673	0	0	32	1
../../TPTP-v7.3.0/Problems/SYN/SYN345+1.p	1	5	12	0	0	0	1
../../TPTP-v7.3.0/Problems/SYN/SYN553-1.p	1	13	13	9	3	7	4
../../TPTP-v7.3.0/Problems/SYN/SYN634-1.p	8	113	102	40	4	23	4
../../TPTP-v7.3.0/Problems/SYN/SYN793-1.p	9	190	310	42	10	2	2
../../TPTP-v7.3.0/Problems/SYN/SYN724+1.p	2	2	5	0	0	0	1
../../TPTP-v7.3.0/Problems/SYN/SYN419+1.p	32	144	994	0	0	122	1
../../TPTP-v7.3.0/Problems/SYN/SYN528-1.p	28	90	490	121	9	37	1
../../TPTP-v7.3.0/Problems/SYN/SYN346-1.p	1	8	6	4	2	3	2
../../TPTP-v7.3.0/Problems/SYN/SYN678-1.p	15	110	118	55	5	21	6
../../TPTP-v7.3.0/Problems/SYN/SYN939+1.p	3	5	7	0	0	1	2
../../TPTP-v7.3.0/Problems/SYN/SYN877-1.p	40	1014	1210	76	24	16	1
../../TPTP-v7.3.0/Problems/SYN/SYN782-1.p	9	162	252	32	10	2	2
../../TPTP-v7.3.0/Problems/SYN/SYN305-1.p	1	3	3	3	1	3	3
../../TPTP-v7.3.0/Problems/SYN/SYN976+1.p	4	2	5	0	0	0	1
../../TPTP-v7.3.0/Problems/SYN/SYN371+1.p	1	4	4	0	0	0	1
../../TPTP-v7.3.0/Problems/SYN/SYN532+1.p	17	20	190	0	0	32	1
../../TPTP-v7.3.0/Problems/SYN/SYN870-1.p	40	664	780	56	24	16	1
../../TPTP-v7.3.0/Problems/SYN/SYN830-1.p	1457	99494	104872	2658	60	42	1
../../TPTP-v7.3.0/Problems/SYN/SYN909-1.p	974	3047	4157	1051	5	82	2
../../TPTP-v7.3.0/Problems/SYN/SYN239-1.p	48	627	1060	369	5	5	1
../../TPTP-v7.3.0/Problems/SYN/SYN064+1.p	1	4	2	0	0	0	1
../../TPTP-v7.3.0/Problems/SYN/SYN301-1.p	48	626	1060	369	5	5	1
../../TPTP-v7.3.0/Problems/SYN/SYN688-1.p	15	100	129	62	4	30	28
../../TPTP-v7.3.0/Problems/SYN/SYN490+1.p	19	9	121	0	0	14	1
../../TPTP-v7.3.0/Problems/SYN/SYN632-1.p	12	100	86	38	4	16	6
../../TPTP-v7.3.0/Problems/SYN/SYN629-1.p	8	69	75	36	4	20	6
../../TPTP-v7.3.0/Problems/SYN/SYN337+1.p	1	4	5	0	0	0	1
../../TPTP-v7.3.0/Problems/SYN/SYN861-1.p	1103	48036	52028	1832	44	32	1
../../TPTP-v7.3.0/Problems/SYN/SYN913-1.p	1220	3731	5131	1301	5	86	2
../../TPTP-v7.3.0/Problems/SYN/SYN318-1.p	3	2	6	4	3	2	1
../../TPTP-v7.3.0/Problems/SYN/SYN223-1.p	48	627	1060	369	5	5	1
../../TPTP-v7.3.0/Problems/SYN/SYN434-1.p	58	60	695	252	10	53	1
../../TPTP-v7.3.0/Problems/SYN/SYN364+1.p	3	8	9	0	0	2	2
../../TPTP-v7.3.0/Problems/SYN/SYN595-1.p	4	58	62	27	4	17	9
../../TPTP-v7.3.0/Problems/SYN/SYN047+1.p	4	0	10	0	0	0	0
../../TPTP-v7.3.0/Problems/SYN/SYN647-1.p	9	64	85	44	5	15	27
../../TPTP-v7.3.0/Problems/SYN/SYN160-1.p	48	626	1060	369	5	5	1
../../TPTP-v7.3.0/Problems/SYN/SYN070+1.p	4	8	18	0	0	0	1
../../TPTP-v7.3.0/Problems/SYN/SYN691-1.p	22	175	149	67	4	26	7
../../TPTP-v7.3.0/Problems/SYN/SYN943+1.p	5	6	14	0	0	1	2
../../TPTP-v7.3.0/Problems/SYN/SYN166-1.p	48	626	1060	369	5	5	1
../../TPTP-v7.3.0/Problems/SYN/SYN355+1.p	3	3	6	0	0	0	1
../../TPTP-v7.3.0/Problems/SYN/SYN515+1.p	17	25	178	0	0	26	1
../../TPTP-v7.3.0/Problems/SYN/SYN490-1.p	19	9	160	64	8	14	1
../../TPTP-v7.3.0/Problems/SYN/SYN600-1.p	7	58	64	29	4	14	12
../../TPTP-v7.3.0/Problems/SYN/SYN711-1.p	19	151	172	89	5	43	85
../../TPTP-v7.3.0/Problems/SYN/SYN897-1.p	80	3011	3283	122	44	32	1
../../TPTP-v7.3.0/Problems/SYN/SYN108-1.p	48	627	1060	369	5	5	1
../../TPTP-v7.3.0/Problems/SYN/SYN420-1.p	79	494	2761	605	16	178	1
../../TPTP-v7.3.0/Problems/SYN/SYN340-1.p	1	6	2	2	1	1	2
../../TPTP-v7.3.0/Problems/SYN/SYN618-1.p	10	53	72	33	5	13	3
../../TPTP-v7.3.0/Problems/SYN/SYN491-1.p	14	13	126	44	10	9	1
../../TPTP-v7.3.0/Problems/SYN/SYN105-1.p	48	626	1060	369	5	5	1
../../TPTP-v7.3.0/Problems/SYN/SYN189-1.p	48	626	1060	369	5	5	1
../../TPTP-v7.3.0/Problems/SYN/SYN423-1.p	86	447	2605	629	17	187	1
../../TPTP-v7.3.0/Problems/SYN/SYN606-1.p	6	54	62	30	4	15	7
../../TPTP-v7.3.0/Problems/SYN/SYN835-1.p	346	6887	8163	536	24	16	1
../../TPTP-v7.3.0/Problems/SYN/SYN356+1.p	2	4	8	0	0	2	1
../../TPTP-v7.3.0/Problems/SYN/SYN569-1.p	5	44	48	20	5	9	3
../../TPTP-v7.3.0/Problems/SYN/SYN842-1.p	1780	119146	125728	3222	60	46	1
../../TPTP-v7.3.0/Problems/SYN/SYN774-1.p	5	97	187	32	7	2	2
../../TPTP-v7.3.0/Problems/SYN/SYN247-1.p	48	628	1060	369	5	5	1
../../TPTP-v7.3.0/Problems/SYN/SYN328-1.p	3	11	28	11	3	2	2
../../TPTP-v7.3.0/Problems/SYN/SYN698-1.p	18	132	156	74	5	29	6
../../TPTP-v7.3.0/Problems/SYN/SYN656-1.p	15	118	109	49	4	20	6
../../TPTP-v7.3.0/Problems/SYN/SYN662-1.p	15	110	117	54	5	21	6
../../TPTP-v7.3.0/Problems/SYN/SYN297-1.p	48	626	1060	369	5	5	1
../../TPTP-v7.3.0/Problems/SYN/SYN801-1.p	5	258	408	52	10	2	2
../../TPTP-v7.3.0/Problems/SYN/SYN330-1.p	1	16	16	8	2	1	2
../../TPTP-v7.3.0/Problems/SYN/SYN538-1.p	29	151	704	138	12	41	1
../../TPTP-v7.3.0/Problems/SYN/SYN865-1.p	1108	47969	51961	1832	44	32	1
../../TPTP-v7.3.0/Problems/SYN/SYN308-1.p	4	13	9	4	4	6	4
../../TPTP-v7.3.0/Problems/SYN/SYN798-1.p	5	264	414	52	10	2	2
../../TPTP-v7.3.0/Problems/SYN/SYN311-1.p	1	16	10	6	2	6	3
../../TPTP-v7.3.0/Problems/SYN/SYN050-1.p	4	6	9	5	3	3	2
../../TPTP-v7.3.0/Problems/SYN/SYN260-1.p	48	627	1060	369	5	5	1
../../TPTP-v7.3.0/Problems/SYN/SYN477+1.p	34	109	683	0	0	29	1
../../TPTP-v7.3.0/Problems/SYN/SYN039-1.p	0	0	0	0	0	0	0
../../TPTP-v7.3.0/Problems/SYN/SYN832-1.p	1226	83491	87988	2215	59	38	1
../../TPTP-v7.3.0/Problems/SYN/SYN275-1.p	48	627	1060	369	5	5	1
../../TPTP-v7.3.0/Problems/SYN/SYN545-1.p	65	440	2359	518	14	151	1
../../TPTP-v7.3.0/Problems/SYN/SYN672-1.p	19	129	119	54	4	22	5
../../TPTP-v7.3.0/Problems/SYN/SYN126-1.p	48	626	1060	369	5	5	1
../../TPTP-v7.3.0/Problems/SYN/SYN746-1.p	5	214	334	41	10	1	2
../../TPTP-v7.3.0/Problems/SYN/SYN695-1.p	18	132	155	73	5	28	6
../../TPTP-v7.3.0/Problems/SYN/SYN298-1.p	48	627	1060	369	5	5	1
../../TPTP-v7.3.0/Problems/SYN/SYN543+1.p	72	100	804	0	0	65	1
../../TPTP-v7.3.0/Problems/SYN/SYN028-1.p	5	0	12	6	3	0	0
../../TPTP-v7.3.0/Problems/SYN/SYN482+1.p	36	128	765	0	0	31	1
../../TPTP-v7.3.0/Problems/SYN/SYN284-1.p	48	626	1060	369	5	5	1
../../TPTP-v7.3.0/Problems/SYN/SYN787-1.p	5	204	324	42	10	2	2
../../TPTP-v7.3.0/Problems/SYN/SYN367+1.p	3	3	6	0	0	0	1
../../TPTP-v7.3.0/Problems/SYN/SYN619-1.p	7	76	78	34	4	17	5
../../TPTP-v7.3.0/Problems/SYN/SYN859-1.p	646	17935	20299	1008	32	24	1
../../TPTP-v7.3.0/Problems/SYN/SYN181-1.p	48	626	1060	369	5	5	1
../../TPTP-v7.3.0/Problems/SYN/SYN857-1.p	372	7839	9435	616	24	16	1
../../TPTP-v7.3.0/Problems/SYN/SYN256-1.p	48	626	1060	369	5	5	1
../../TPTP-v7.3.0/Problems/SYN/SYN867-1.p	46	855	943	58	32	20	1
../../TPTP-v7.3.0/Problems/SYN/SYN404+1.p	1	2	2	0	0	0	1
../../TPTP-v7.3.0/Problems/SYN/SYN582-1.p	6	46	56	25	5	11	3
../../TPTP-v7.3.0/Problems/SYN/SYN565-1.p	3	45	37	18	4	8	4
../../TPTP-v7.3.0/Problems/SYN/SYN001-1.005.p	5	0	160	32	5	0	0
../../TPTP-v7.3.0/Problems/SYN/SYN575-1.p	6	44	51	22	5	8	3
../../TPTP-v7.3.0/Problems/SYN/SYN236-1.p	48	626	1060	369	5	5	1
../../TPTP-v7.3.0/Problems/SYN/SYN172-1.p	48	626	1060	369	5	5	1
../../TPTP-v7.3.0/Problems/SYN/SYN316+1.p	1	2	2	0	0	0	1
../../TPTP-v7.3.0/Problems/SYN/SYN209-1.p	48	626	1060	369	5	5	1
../../TPTP-v7.3.0/Problems/SYN/SYN924+1.p	2	3	4	0	0	0	1
../../TPTP-v7.3.0/Problems/SYN/SYN596-1.p	8	58	60	28	4	15	5
../../TPTP-v7.3.0/Problems/SYN/SYN837-1.p	569	16979	19023	928	32	24	1
../../TPTP-v7.3.0/Problems/SYN/SYN182-1.p	48	627	1060	369	5	5	1
../../TPTP-v7.3.0/Problems/SYN/SYN365+1.p	2	5	9	0	0	2	3
../../TPTP-v7.3.0/Problems/SYN/SYN329-1.p	1	6	4	4	1	1	2
../../TPTP-v7.3.0/Problems/SYN/SYN206-1.p	48	626	1060	369	5	5	1
../../TPTP-v7.3.0/Problems/SYN/SYN001+1.p	1	0	2	0	0	0	0
../../TPTP-v7.3.0/Problems/SYN/SYN519+1.p	18	184	1191	0	0	174	1
../../TPTP-v7.3.0/Problems/SYN/SYN378+1.p	2	3	4	0	0	0	1
../../TPTP-v7.3.0/Problems/SYN/SYN462+1.p	36	87	593	0	0	31	1
../../TPTP-v7.3.0/Problems/SYN/SYN496-1.p	16	12	142	52	10	11	1
../../TPTP-v7.3.0/Problems/SYN/SYN266-1.p	48	626	1060	369	5	5	1
../../TPTP-v7.3.0/Problems/SYN/SYN906-1.p	526	1529	2146	578	5	56	2
../../TPTP-v7.3.0/Problems/SYN/SYN434+1.p	58	60	564	0	0	53	1
../../TPTP-v7.3.0/Problems/SYN/SYN192-1.p	48	626	1060	369	5	5	1
../../TPTP-v7.3.0/Problems/SYN/SYN212-1.p	48	626	1060	369	5	5	1
../../TPTP-v7.3.0/Problems/SYN/SYN642-1.p	8	82	100	42	6	11	4
../../TPTP-v7.3.0/Problems/SYN/SYN791-1.p	9	132	252	42	7	2	2
../../TPTP-v7.3.0/Problems/SYN/SYN626-1.p	11	77	85	35	4	12	6
../../TPTP-v7.3.0/Problems/SYN/SYN433-1.p	31	33	351	124	10	26	1
../../TPTP-v7.3.0/Problems/SYN/SYN317+1.p	2	3	4	0	0	0	1
../../TPTP-v7.3.0/Problems/SYN/SYN947+1.p	3	4	4	0	0	0	1
../../TPTP-v7.3.0/Problems/SYN/SYN036-3.p	12	18	104	36	4	8	2
../../TPTP-v7.3.0/Problems/SYN/SYN176-1.p	48	627	1060	369	5	5	1
../../TPTP-v7.3.0/Problems/SYN/SYN384+1.p	1	4	2	0	0	0	1
../../TPTP-v7.3.0/Problems/SYN/SYN492+1.p	18	11	122	0	0	13	1
../../TPTP-v7.3.0/Problems/SYN/SYN055+1.p	5	6	13	0	0	0	1
../../TPTP-v7.3.0/Problems/SYN/SYN425-1.p	79	405	2300	531	16	149	1
../../TPTP-v7.3.0/Problems/SYN/SYN911-1.p	1327	4269	5762	1414	5	92	2
../../TPTP-v7.3.0/Problems/SYN/SYN439+1.p	58	82	655	0	0	53	1
../../TPTP-v7.3.0/Problems/SYN/SYN530+1.p	17	23	195	0	0	30	1
../../TPTP-v7.3.0/Problems/SYN/SYN579-1.p	6	42	50	23	4	9	3
../../TPTP-v7.3.0/Problems/SYN/SYN134-1.p	48	626	1060	369	5	5	1
../../TPTP-v7.3.0/Problems/SYN/SYN941+1.p	3	4	7	0	0	1	2
../../TPTP-v7.3.0/Problems/SYN/SYN479-1.p	36	121	784	200	10	31	1
../../TPTP-v7.3.0/Problems/SYN/SYN054+1.p	4	6	12	0	0	0	1
../../TPTP-v7.3.0/Problems/SYN/SYN514+1.p	17	122	739	0	0	90	1
../../TPTP-v7.3.0/Problems/SYN/SYN065-1.p	3	15	15	7	3	3	2
../../TPTP-v7.3.0/Problems/SYN/SYN684-1.p	15	110	118	55	5	21	6
../../TPTP-v7.3.0/Problems/SYN/SYN722+1.p	3	3	10	0	0	4	1
../../TPTP-v7.3.0/Problems/SYN/SYN052+1.p	2	2	4	0	0	0	1
../../TPTP-v7.3.0/Problems/SYN/SYN110-1.p	48	626	1060	369	5	5	1
../../TPTP-v7.3.0/Problems/SYN/SYN056+1.p	4	6	10	0	0	0	1
../../TPTP-v7.3.0/Problems/SYN/SYN427+1.p	32	223	1736	0	0	253	1
../../TPTP-v7.3.0/Problems/SYN/SYN050+1.p	4	7	7	0	0	0	1
../../TPTP-v7.3.0/Problems/SYN/SYN541+1.p	17	54	368	0	0	50	1
../../TPTP-v7.3.0/Problems/SYN/SYN061-1.p	5	4	10	6	2	1	1
../../TPTP-v7.3.0/Problems/SYN/SYN888-1.p	110	4697	4959	142	60	46	1
../../TPTP-v7.3.0/Problems/SYN/SYN012-1.p	2	14	17	7	3	1	2
../../TPTP-v7.3.0/Problems/SYN/SYN162-1.p	48	626	1060	369	5	5	1
../../TPTP-v7.3.0/Problems/SYN/SYN621-1.p	8	95	82	34	5	19	6
../../TPTP-v7.3.0/Problems/SYN/SYN969+1.p	3	3	6	0	0	0	1
../../TPTP-v7.3.0/Problems/SYN/SYN464-1.p	75	91	975	340	10	70	1
../../TPTP-v7.3.0/Problems/SYN/SYN290-1.p	48	628	1060	369	5	5	1
../../TPTP-v7.3.0/Problems/SYN/SYN617-1.p	6	70	63	32	4	17	6
../../TPTP-v7.3.0/Problems/SYN/SYN159-1.p	48	626	1060	369	5	5	1
../../TPTP-v7.3.0/Problems/SYN/SYN097-1.002.p	38	0	126	52	4	0	0
../../TPTP-v7.3.0/Problems/SYN/SYN616-1.p	10	67	73	32	5	17	6
../../TPTP-v7.3.0/Problems/SYN/SYN051+1.p	2	3	6	0	0	0	1
../../TPTP-v7.3.0/Problems/SYN/SYN328+1.p	3	3	13	0	0	0	1
../../TPTP-v7.3.0/Problems/SYN/SYN307-1.p	1	10	8	4	3	2	1
../../TPTP-v7.3.0/Problems/SYN/SYN324-1.p	1	4	8	4	2	1	2
../../TPTP-v7.3.0/Problems/SYN/SYN471+1.p	37	115	718	0	0	32	1
../../TPTP-v7.3.0/Problems/SYN/SYN982-1.p	11	79	79	37	5	15	6
../../TPTP-v7.3.0/Problems/SYN/SYN285-1.p	48	626	1060	369	5	5	1
../../TPTP-v7.3.0/Problems/SYN/SYN506-1.p	34	126	791	196	10	29	1
../../TPTP-v7.3.0/Problems/SYN/SYN485-1.p	35	119	770	196	10	30	1
../../TPTP-v7.3.0/Problems/SYN/SYN400+1.p	1	1	2	0	0	0	0
../../TPTP-v7.3.0/Problems/SYN/SYN199-1.p	48	626	1060	369	5	5	1
../../TPTP-v7.3.0/Problems/SYN/SYN871-1.p	39	666	782	56	24	16	1
../../TPTP-v7.3.0/Problems/SYN/SYN082-1.p	1	9	25	8	4	4	2
../../TPTP-v7.3.0/Problems/SYN/SYN228-1.p	48	626	1060	369	5	5	1
../../TPTP-v7.3.0/Problems/SYN/SYN186-1.p	48	626	1060	369	5	5	1
../../TPTP-v7.3.0/Problems/SYN/SYN505+1.p	37	117	749	0	0	32	1
../../TPTP-v7.3.0/Problems/SYN/SYN335+1.p	2	3	12	0	0	0	1
../../TPTP-v7.3.0/Problems/SYN/SYN499-1.p	36	127	815	204	10	31	1
../../TPTP-v7.3.0/Problems/SYN/SYN687-1.p	20	159	146	60	6	26	6
../../TPTP-v7.3.0/Problems/SYN/SYN633-1.p	8	113	102	40	4	23	4
../../TPTP-v7.3.0/Problems/SYN/SYN549+1.p	0	0	0	0	0	0	0
../../TPTP-v7.3.0/Problems/SYN/SYN303-1.p	1	8	8	5	2	2	2
../../TPTP-v7.3.0/Problems/SYN/SYN980+1.p	3	4	6	0	0	1	2
../../TPTP-v7.3.0/Problems/SYN/SYN319-1.p	3	11	13	7	2	3	2
../../TPTP-v7.3.0/Problems/SYN/SYN453+1.p	76	87	796	0	0	71	1
../../TPTP-v7.3.0/Problems/SYN/SYN809-1.p	9	266	416	52	10	2	2
../../TPTP-v7.3.0/Problems/SYN/SYN454-1.p	35	83	631	180	10	30	1
../../TPTP-v7.3.0/Problems/SYN/SYN387+1.p	1	0	2	0	0	0	0
../../TPTP-v7.3.0/Problems/SYN/SYN344+1.p	1	4	7	0	0	0	1
../../TPTP-v7.3.0/Problems/SYN/SYN489+1.p	37	121	749	0	0	32	1
../../TPTP-v7.3.0/Problems/SYN/SYN986+1.002.p	1	8	7	0	0	2	2
../../TPTP-v7.3.0/Problems/SYN/SYN448+1.p	34	93	603	0	0	29	1
../../TPTP-v7.3.0/Problems/SYN/SYN572-1.p	4	42	38	20	4	10	5
../../TPTP-v7.3.0/Problems/SYN/SYN486+1.p	36	125	757	0	0	31	1
../../TPTP-v7.3.0/Problems/SYN/SYN381+1.p	2	7	7	0	0	0	1
../../TPTP-v7.3.0/Problems/SYN/SYN706-1.p	30	199	182	81	4	31	6
../../TPTP-v7.3.0/Problems/SYN/SYN848-1.p	611	17542	19746	968	32	24	1
../../TPTP-v7.3.0/Problems/SYN/SYN792-1.p	9	197	317	42	10	2	2
../../TPTP-v7.3.0/Problems/SYN/SYN510+1.p	37	107	720	0	0	32	1
../../TPTP-v7.3.0/Problems/SYN/SYN291-1.p	48	628	1060	369	5	5	1
../../TPTP-v7.3.0/Problems/SYN/SYN823-1.p	241	5029	5849	386	24	12	1
../../TPTP-v7.3.0/Problems/SYN/SYN884-1.p	78	2666	2896	110	44	30	1
../../TPTP-v7.3.0/Problems/SYN/SYN893-1.p	56	1844	2096	102	32	24	1
../../TPTP-v7.3.0/Problems/SYN/SYN315+1.p	2	2	4	0	0	0	1
../../TPTP-v7.3.0/Problems/SYN/SYN864-1.p	1097	48083	52075	1832	44	32	1
../../TPTP-v7.3.0/Problems/SYN/SYN100-1.005.p	44	74	220	82	3	1	1
../../TPTP-v7.3.0/Problems/SYN/SYN338+1.p	1	3	3	0	0	0	1
../../TPTP-v7.3.0/Problems/SYN/SYN495+1.p	22	6	127	0	0	17	1
../../TPTP-v7.3.0/Problems/SYN/SYN527+1.p	17	16	164	0	0	26	1
../../TPTP-v7.3.0/Problems/SYN/SYN932+1.p	1	1	2	0	0	0	0
../../TPTP-v7.3.0/Problems/SYN/SYN986+1.003.p	1	9	8	0	0	2	2
../../TPTP-v7.3.0/Problems/SYN/SYN261-1.p	48	627	1060	369	5	5	1
../../TPTP-v7.3.0/Problems/SYN/SYN202-1.p	48	626	1060	369	5	5	1
../../TPTP-v7.3.0/Problems/SYN/SYN728+1.p	3	8	9	0	0	2	2
../../TPTP-v7.3.0/Problems/SYN/SYN802-1.p	5	255	405	52	10	2	2
../../TPTP-v7.3.0/Problems/SYN/SYN644-1.p	10	123	111	42	6	21	6
../../TPTP-v7.3.0/Problems/SYN/SYN741-1.p	5	156	246	31	10	1	2
../../TPTP-v7.3.0/Problems/SYN/SYN036+1.p	2	8	8	0	0	0	1
../../TPTP-v7.3.0/Problems/SYN/SYN493+1.p	16	13	118	0	0	11	1
../../TPTP-v7.3.0/Problems/SYN/SYN825-1.p	972	65290	68847	1781	59	30	1
../../TPTP-v7.3.0/Problems/SYN/SYN811-1.p	423	13526	15002	730	32	24	1
../../TPTP-v7.3.0/Problems/SYN/SYN886-1.p	80	2672	2904	112	44	32	1
../../TPTP-v7.3.0/Problems/SYN/SYN813-1.p	322	6577	7701	504	24	16	1
../../TPTP-v7.3.0/Problems/SYN/SYN951+1.p	4	2	7	0	0	0	1
../../TPTP-v7.3.0/Problems/SYN/SYN408+1.p	2	2	3	0	0	0	1
../../TPTP-v7.3.0/Problems/SYN/SYN854-1.p	1796	118777	125389	3198	60	48	1
../../TPTP-v7.3.0/Problems/SYN/SYN226-1.p	48	626	1060	369	5	5	1
../../TPTP-v7.3.0/Problems/SYN/SYN908-1.p	1259	4189	5597	1369	5	116	2
../../TPTP-v7.3.0/Problems/SYN/SYN902-1.p	110	5124	5426	152	60	46	1
../../TPTP-v7.3.0/Problems/SYN/SYN244-1.p	48	627	1060	369	5	5	1
../../TPTP-v7.3.0/Problems/SYN/SYN158-1.p	48	626	1060	369	5	5	1
../../TPTP-v7.3.0/Problems/SYN/SYN122-1.p	48	626	1060	369	5	5	1
../../TPTP-v7.3.0/Problems/SYN/SYN544+1.p	26	160	1105	0	0	146	1
../../TPTP-v7.3.0/Problems/SYN/SYN816-1.p	834	38822	41833	1465	44	26	1
../../TPTP-v7.3.0/Problems/SYN/SYN576-1.p	6	52	52	22	4	9	4
../../TPTP-v7.3.0/Problems/SYN/SYN273-1.p	48	626	1060	369	5	5	1
../../TPTP-v7.3.0/Problems/SYN/SYN484-1.p	36	122	783	199	10	31	1
../../TPTP-v7.3.0/Problems/SYN/SYN901-1.p	106	4945	5246	151	59	46	1
../../TPTP-v7.3.0/Problems/SYN/SYN178-1.p	48	626	1060	369	5	5	1
../../TPTP-v7.3.0/Problems/SYN/SYN768-1.p	5	64	124	22	7	2	2
../../TPTP-v7.3.0/Problems/SYN/SYN129-1.p	48	626	1060	369	5	5	1
../../TPTP-v7.3.0/Problems/SYN/SYN302-1.003.p	18	0	216	72	3	0	0
../../TPTP-v7.3.0/Problems/SYN/SYN393+1.003.p	3	0	6	0	0	0	0
../../TPTP-v7.3.0/Problems/SYN/SYN890-1.p	40	1139	1375	86	24	16	1
../../TPTP-v7.3.0/Problems/SYN/SYN179-1.p	48	627	1060	369	5	5	1
../../TPTP-v7.3.0/Problems/SYN/SYN418+1.p	32	147	1074	0	0	146	1
../../TPTP-v7.3.0/Problems/SYN/SYN468+1.p	37	92	637	0	0	32	1
../../TPTP-v7.3.0/Problems/SYN/SYN084+1.p	1	2	10	0	0	2	3
../../TPTP-v7.3.0/Problems/SYN/SYN457-1.p	81	89	1018	364	10	76	1
../../TPTP-v7.3.0/Problems/SYN/SYN524-1.p	24	90	479	101	14	31	1
../../TPTP-v7.3.0/Problems/SYN/SYN449+1.p	37	86	598	0	0	32	1
../../TPTP-v7.3.0/Problems/SYN/SYN051-1.p	2	2	8	4	2	2	1
../../TPTP-v7.3.0/Problems/SYN/SYN046+1.p	2	0	4	0	0	0	0
../../TPTP-v7.3.0/Problems/SYN/SYN336-1.p	1	9	5	5	1	2	2
../../TPTP-v7.3.0/Problems/SYN/SYN873-1.p	40	864	1020	66	24	16	1
../../TPTP-v7.3.0/Problems/SYN/SYN713-1.p	39	253	235	105	4	41	4
../../TPTP-v7.3.0/Problems/SYN/SYN096-1.008.p	34	61	182	65	3	1	1
../../TPTP-v7.3.0/Problems/SYN/SYN056-1.p	4	11	36	13	4	4	1
../../TPTP-v7.3.0/Problems/SYN/SYN534-1.p	22	70	371	77	13	21	1
../../TPTP-v7.3.0/Problems/SYN/SYN386+1.p	3	17	10	0	0	0	1
../../TPTP-v7.3.0/Problems/SYN/SYN668-1.p	15	110	117	54	5	21	6
../../TPTP-v7.3.0/Problems/SYN/SYN681-1.p	15	110	118	55	5	21	6
../../TPTP-v7.3.0/Problems/SYN/SYN491+1.p	14	15	114	0	0	9	1
../../TPTP-v7.3.0/Problems/SYN/SYN269-1.p	48	626	1060	369	5	5	1
../../TPTP-v7.3.0/Problems/SYN/SYN493-1.p	16	13	145	52	10	11	1
../../TPTP-v7.3.0/Problems/SYN/SYN068+1.p	4	6	10	0	0	0	1
../../TPTP-v7.3.0/Problems/SYN/SYN057+1.p	5	6	13	0	0	0	1
../../TPTP-v7.3.0/Problems/SYN/SYN904-1.p	517	1593	2198	586	5	71	2
../../TPTP-v7.3.0/Problems/SYN/SYN319+1.p	3	4	12	0	0	0	1
../../TPTP-v7.3.0/Problems/SYN/SYN641-1.p	8	82	100	42	6	11	4
../../TPTP-v7.3.0/Problems/SYN/SYN716-1.p	35	293	240	106	4	40	9
../../TPTP-v7.3.0/Problems/SYN/SYN650-1.p	10	123	114	45	6	22	6
../../TPTP-v7.3.0/Problems/SYN/SYN073+1.p	1	4	3	0	0	1	1
../../TPTP-v7.3.0/Problems/SYN/SYN521+1.p	17	19	182	0	0	34	1
../../TPTP-v7.3.0/Problems/SYN/SYN344-1.p	1	9	10	5	2	2	2
../../TPTP-v7.3.0/Problems/SYN/SYN358+1.p	2	2	4	0	0	0	1
../../TPTP-v7.3.0/Problems/SYN/SYN472-1.p	36	114	756	196	10	31	1
../../TPTP-v7.3.0/Problems/SYN/SYN334+1.p	2	3	8	0	0	0	1
../../TPTP-v7.3.0/Problems/SYN/SYN232-1.p	48	626	1060	369	5	5	1
../../TPTP-v7.3.0/Problems/SYN/SYN153-1.p	48	626	1060	369	5	5	1
../../TPTP-v7.3.0/Problems/SYN/SYN504-1.p	37	126	815	208	10	32	1
../../TPTP-v7.3.0/Problems/SYN/SYN270-1.p	48	626	1060	369	5	5	1
../../TPTP-v7.3.0/Problems/SYN/SYN978+1.p	2	0	4	0	0	0	0
../../TPTP-v7.3.0/Problems/SYN/SYN494+1.p	17	12	120	0	0	12	1
../../TPTP-v7.3.0/Problems/SYN/SYN449-1.p	37	86	662	188	10	32	1
../../TPTP-v7.3.0/Problems/SYN/SYN879-1.p	40	1034	1230	76	24	16	1
../../TPTP-v7.3.0/Problems/SYN/SYN559-1.p	3	28	32	14	4	11	3
../../TPTP-v7.3.0/Problems/SYN/SYN732+1.p	2	6	5	0	0	0	1
../../TPTP-v7.3.0/Problems/SYN/SYN173-1.p	48	626	1060	369	5	5	1
../../TPTP-v7.3.0/Problems/SYN/SYN395+1.p	2	3	4	0	0	0	1
../../TPTP-v7.3.0/Problems/SYN/SYN441+1.p	81	95	845	0	0	76	1
../../TPTP-v7.3.0/Problems/SYN/SYN447-1.p	69	92	929	316	10	64	1
../../TPTP-v7.3.0/Problems/SYN/SYN736-1.p	5	110	170	21	10	1	2
../../TPTP-v7.3.0/Problems/SYN/SYN478+1.p	36	103	688	0	0	31	1
../../TPTP-v7.3.0/Problems/SYN/SYN271-1.p	48	627	1060	369	5	5	1
../../TPTP-v7.3.0/Problems/SYN/SYN321-1.p	2	4	8	4	2	3	1
../../TPTP-v7.3.0/Problems/SYN/SYN117-1.p	48	626	1060	369	5	5	1
../../TPTP-v7.3.0/Problems/SYN/SYN699-1.p	18	132	156	74	5	29	6
../../TPTP-v7.3.0/Problems/SYN/SYN545+1.p	26	173	1181	0	0	151	1
../../TPTP-v7.3.0/Problems/SYN/SYN343+1.p	1	4	5	0	0	0	1
../../TPTP-v7.3.0/Problems/SYN/SYN451+1.p	34	92	599	0	0	29	1
../../TPTP-v7.3.0/Problems/SYN/SYN360+1.p	2	7	4	0	0	0	1
../../TPTP-v7.3.0/Problems/SYN/SYN511+1.p	36	127	774	0	0	31	1
../../TPTP-v7.3.0/Problems/SYN/SYN121-1.p	48	626	1060	369	5	5	1
../../TPTP-v7.3.0/Problems/SYN/SYN743-1.p	9	91	181	31	7	1	2
../../TPTP-v7.3.0/Problems/SYN/SYN313-1.001.002.p	1	6	5	2	3	8	2
../../TPTP-v7.3.0/Problems/SYN/SYN167-1.p	48	627	1060	369	5	5	1
../../TPTP-v7.3.0/Problems/SYN/SYN137-1.p	48	626	1060	369	5	5	1
../../TPTP-v7.3.0/Problems/SYN/SYN268-1.p	48	628	1060	369	5	5	1
../../TPTP-v7.3.0/Problems/SYN/SYN440-1.p	72	92	946	328	10	67	1
../../TPTP-v7.3.0/Problems/SYN/SYN485+1.p	35	119	732	0	0	30	1
../../TPTP-v7.3.0/Problems/SYN/SYN679-1.p	15	110	118	55	5	21	6
../../TPTP-v7.3.0/Problems/SYN/SYN054-1.p	4	5	13	6	3	2	1
../../TPTP-v7.3.0/Problems/SYN/SYN157-1.p	48	627	1060	369	5	5	1
../../TPTP-v7.3.0/Problems/SYN/SYN059+1.p	4	6	10	0	0	0	1
../../TPTP-v7.3.0/Problems/SYN/SYN062-1.p	6	4	14	7	3	1	1
../../TPTP-v7.3.0/Problems/SYN/SYN869-1.p	40	664	780	56	24	16	1
../../TPTP-v7.3.0/Problems/SYN/SYN587-1.p	5	52	56	26	6	15	7
../../TPTP-v7.3.0/Problems/SYN/SYN567-1.p	2	24	36	19	5	7	6
../../TPTP-v7.3.0/Problems/SYN/SYN015-1.p	2	17	53	16	6	6	2
../../TPTP-v7.3.0/Problems/SYN/SYN376+1.p	1	4	4	0	0	0	1
../../TPTP-v7.3.0/Problems/SYN/SYN725+1.p	2	2	6	0	0	0	1
../../TPTP-v7.3.0/Problems/SYN/SYN733+1.p	2	3	5	0	0	0	1
../../TPTP-v7.3.0/Problems/SYN/SYN418-1.p	71	393	2223	504	17	146	1
../../TPTP-v7.3.0/Problems/SYN/SYN676-1.p	15	110	118	55	5	21	6
../../TPTP-v7.3.0/Problems/SYN/SYN106-1.p	48	626	1060	369	5	5	1
../../TPTP-v7.3.0/Problems/SYN/SYN309-1.p	3	10	11	6	3	7	2
../../TPTP-v7.3.0/Problems/SYN/SYN427-1.p	108	607	3367	765	16	244	1
../../TPTP-v7.3.0/Problems/SYN/SYN343-1.p	1	5	6	3	2	2	2
../../TPTP-v7.3.0/Problems/SYN/SYN734-1.p	5	59	119	21	7	1	2
../../TPTP-v7.3.0/Problems/SYN/SYN469+1.p	34	107	667	0	0	29	1
../../TPTP-v7.3.0/Problems/SYN/SYN963+1.p	1	2	2	0	0	0	1
../../TPTP-v7.3.0/Problems/SYN/SYN659-1.p	14	105	107	51	5	26	4
../../TPTP-v7.3.0/Problems/SYN/SYN030-1.p	5	0	22	9	3	0	0
../../TPTP-v7.3.0/Problems/SYN/SYN464+1.p	75	91	803	0	0	70	1
../../TPTP-v7.3.0/Problems/SYN/SYN730+1.p	1	3	3	0	0	3	2
../../TPTP-v7.3.0/Problems/SYN/SYN498-1.p	36	119	798	204	10	31	1
../../TPTP-v7.3.0/Problems/SYN/SYN445+1.p	35	94	606	0	0	30	1
../../TPTP-v7.3.0/Problems/SYN/SYN401+1.p	1	2	2	0	0	0	1
../../TPTP-v7.3.0/Problems/SYN/SYN329+1.p	1	3	4	0	0	0	1
../../TPTP-v7.3.0/Problems/SYN/SYN709-1.p	30	193	181	83	4	37	5
../../TPTP-v7.3.0/Problems/SYN/SYN069+1.p	6	9	18	0	0	0	1
../../TPTP-v7.3.0/Problems/SYN/SYN535+1.p	17	24	195	0	0	28	1
../../TPTP-v7.3.0/Problems/SYN/SYN032-1.p	6	0	17	7	3	0	0
../../TPTP-v7.3.0/Problems/SYN/SYN353+1.p	1	5	20	0	0	0	1
../../TPTP-v7.3.0/Problems/SYN/SYN398+1.p	2	2	4	0	0	0	1
../../TPTP-v7.3.0/Problems/SYN/SYN372+1.p	0	0	0	0	0	0	0
../../TPTP-v7.3.0/Problems/SYN/SYN349-1.p	1	20	36	10	4	2	2
../../TPTP-v7.3.0/Problems/SYN/SYN484+1.p	36	122	742	0	0	31	1
../../TPTP-v7.3.0/Problems/SYN/SYN965+1.p	1	4	5	0	0	0	1
../../TPTP-v7.3.0/Problems/SYN/SYN959+1.p	2	2	3	0	0	0	1
../../TPTP-v7.3.0/Problems/SYN/SYN446+1.p	36	92	609	0	0	31	1
../../TPTP-v7.3.0/Problems/SYN/SYN277-1.p	48	627	1060	369	5	5	1
../../TPTP-v7.3.0/Problems/SYN/SYN780-1.p	9	145	235	32	10	2	2
../../TPTP-v7.3.0/Problems/SYN/SYN477-1.p	34	109	719	188	10	29	1
../../TPTP-v7.3.0/Problems/SYN/SYN926+1.p	2	3	4	0	0	0	1
../../TPTP-v7.3.0/Problems/SYN/SYN240-1.p	48	627	1060	369	5	5	1
../../TPTP-v7.3.0/Problems/SYN/SYN432-1.p	35	26	369	140	10	30	1
../../TPTP-v7.3.0/Problems/SYN/SYN431+1.p	34	17	243	0	0	29	1
../../TPTP-v7.3.0/Problems/SYN/SYN044-1.p	3	0	13	6	3	0	0
../../TPTP-v7.3.0/Problems/SYN/SYN286-1.p	48	627	1060	369	5	5	1
../../TPTP-v7.3.0/Problems/SYN/SYN972+1.p	1	4	2	0	0	0	1
../../TPTP-v7.3.0/Problems/SYN/SYN845-1.p	364	7241	8677	576	24	16	1
../../TPTP-v7.3.0/Problems/SYN/SYN948+1.p	1	3	3	0	0	0	1
../../TPTP-v7.3.0/Problems/SYN/SYN304-1.p	4	5	10	8	2	4	2
../../TPTP-v7.3.0/Problems/SYN/SYN664-1.p	15	110	117	54	5	21	6
../../TPTP-v7.3.0/Problems/SYN/SYN288-1.p	48	626	1060	369	5	5	1
../../TPTP-v7.3.0/Problems/SYN/SYN460+1.p	64	104	786	0	0	59	1
../../TPTP-v7.3.0/Problems/SYN/SYN411+1.p	1	6	2	0	0	0	1
../../TPTP-v7.3.0/Problems/SYN/SYN779-1.p	5	164	254	32	10	2	2
../../TPTP-v7.3.0/Problems/SYN/SYN077+1.p	2	8	7	0	0	0	1
../../TPTP-v7.3.0/Problems/SYN/SYN544-1.p	60	360	1732	363	16	113	1
../../TPTP-v7.3.0/Problems/SYN/SYN426-1.p	96	641	3331	724	23	212	1
../../TPTP-v7.3.0/Problems/SYN/SYN075-1.p	2	23	31	10	4	5	2
../../TPTP-v7.3.0/Problems/SYN/SYN760-1.p	5	252	402	51	10	1	2
../../TPTP-v7.3.0/Problems/SYN/SYN710-1.p	24	198	211	87	4	30	4
../../TPTP-v7.3.0/Problems/SYN/SYN423+1.p	32	186	1357	0	0	189	1
../../TPTP-v7.3.0/Problems/SYN/SYN875-1.p	40	823	979	66	24	16	1
../../TPTP-v7.3.0/Problems/SYN/SYN940+1.p	3	5	7	0	0	1	2
../../TPTP-v7.3.0/Problems/SYN/SYN392+1.p	2	0	6	0	0	0	0
../../TPTP-v7.3.0/Problems/SYN/SYN797-1.p	5	154	304	52	7	2	2
../../TPTP-v7.3.0/Problems/SYN/SYN728-1.p	3	7	10	5	2	4	3
../../TPTP-v7.3.0/Problems/SYN/SYN622-1.p	9	72	74	34	4	18	4
../../TPTP-v7.3.0/Problems/SYN/SYN132-1.p	48	627	1060	369	5	5	1
../../TPTP-v7.3.0/Problems/SYN/SYN332+1.p	1	3	13	0	0	0	1
../../TPTP-v7.3.0/Problems/SYN/SYN437+1.p	57	80	644	0	0	52	1
../../TPTP-v7.3.0/Problems/SYN/SYN177-1.p	48	627	1060	369	5	5	1
../../TPTP-v7.3.0/Problems/SYN/SYN406+1.p	3	3	6	0	0	0	1
../../TPTP-v7.3.0/Problems/SYN/SYN986-10.005.p	1	14	4	4	1	6	5
../../TPTP-v7.3.0/Problems/SYN/SYN107-1.p	48	627	1060	369	5	5	1
../../TPTP-v7.3.0/Problems/SYN/SYN067+1.p	2	10	18	0	0	1	1
../../TPTP-v7.3.0/Problems/SYN/SYN140-1.p	48	627	1060	369	5	5	1
../../TPTP-v7.3.0/Problems/SYN/SYN214-1.p	48	626	1060	369	5	5	1
../../TPTP-v7.3.0/Problems/SYN/SYN425+1.p	32	192	1377	0	0	175	1
../../TPTP-v7.3.0/Problems/SYN/SYN529-1.p	27	55	483	136	12	43	1
../../TPTP-v7.3.0/Problems/SYN/SYN536-1.p	24	64	383	87	13	26	1
../../TPTP-v7.3.0/Problems/SYN/SYN380+1.p	2	4	4	0	0	0	1
../../TPTP-v7.3.0/Problems/SYN/SYN083+1.p	1	7	2	0	0	1	4
../../TPTP-v7.3.0/Problems/SYN/SYN717-1.p	38	258	248	113	4	51	6
../../TPTP-v7.3.0/Problems/SYN/SYN977+1.p	2	0	4	0	0	0	0
../../TPTP-v7.3.0/Problems/SYN/SYN930+1.p	2	2	4	0	0	0	1
../../TPTP-v7.3.0/Problems/SYN/SYN382+1.p	2	5	4	0	0	0	1
../../TPTP-v7.3.0/Problems/SYN/SYN496+1.p	16	12	115	0	0	11	1
../../TPTP-v7.3.0/Problems/SYN/SYN945+1.p	1	3	3	0	0	0	1
../../TPTP-v7.3.0/Problems/SYN/SYN494-1.p	17	12	151	56	10	12	1
../../TPTP-v7.3.0/Problems/SYN/SYN087-1.003.p	14	0	58	21	3	0	0
../../TPTP-v7.3.0/Problems/SYN/SYN513-1.p	50	320	1685	392	14	118	1
../../TPTP-v7.3.0/Problems/SYN/SYN986-10.006.p	1	15	4	4	1	6	5
../../TPTP-v7.3.0/Problems/SYN/SYN474-1.p	37	113	761	200	10	32	1
../../TPTP-v7.3.0/Problems/SYN/SYN720-1.p	48	626	1059	368	5	5	1
../../TPTP-v7.3.0/Problems/SYN/SYN003-1.006.p	18	0	54	24	3	0	0
../../TPTP-v7.3.0/Problems/SYN/SYN555-1.p	3	28	26	12	4	6	3
../../TPTP-v7.3.0/Problems/SYN/SYN265-1.p	48	627	1060	369	5	5	1
../../TPTP-v7.3.0/Problems/SYN/SYN334-1.p	2	14	17	7	3	1	2
../../TPTP-v7.3.0/Problems/SYN/SYN863-1.p	1063	45709	49541	1752	44	32	1
../../TPTP-v7.3.0/Problems/SYN/SYN441-1.p	81	94	1029	364	10	76	1
../../TPTP-v7.3.0/Problems/SYN/SYN354+1.p	2	5	11	0	0	0	1
../../TPTP-v7.3.0/Problems/SYN/SYN936+1.p	2	2	4	0	0	0	1
../../TPTP-v7.3.0/Problems/SYN/SYN719-1.p	49	310	291	126	5	44	7
../../TPTP-v7.3.0/Problems/SYN/SYN970+1.p	2	4	4	0	0	0	1
../../TPTP-v7.3.0/Problems/SYN/SYN953+1.p	2	3	4	0	0	0	1
../../TPTP-v7.3.0/Problems/SYN/SYN083-1.p	1	3	2	2	1	5	4
../../TPTP-v7.3.0/Problems/SYN/SYN649-1.p	13	115	100	44	4	19	6
../../TPTP-v7.3.0/Problems/SYN/SYN658-1.p	10	102	108	50	4	25	7
../../TPTP-v7.3.0/Problems/SYN/SYN852-1.p	1817	120428	127126	3240	60	46	1
../../TPTP-v7.3.0/Problems/SYN/SYN986+1.000.p	1	6	5	0	0	2	2
../../TPTP-v7.3.0/Problems/SYN/SYN332-1.p	1	28	34	14	3	1	2
../../TPTP-v7.3.0/Problems/SYN/SYN573-1.p	5	42	47	21	4	11	6
../../TPTP-v7.3.0/Problems/SYN/SYN198-1.p	48	626	1060	369	5	5	1
../../TPTP-v7.3.0/Problems/SYN/SYN146-1.p	48	628	1060	369	5	5	1
../../TPTP-v7.3.0/Problems/SYN/SYN059-1.p	4	32	120	32	5	7	1
../../TPTP-v7.3.0/Problems/SYN/SYN045+1.p	3	0	7	0	0	0	0
../../TPTP-v7.3.0/Problems/SYN/SYN674-1.p	15	110	118	55	5	21	6
../../TPTP-v7.3.0/Problems/SYN/SYN525-1.p	25	52	388	104	12	30	1
../../TPTP-v7.3.0/Problems/SYN/SYN118-1.p	48	626	1060	369	5	5	1
../../TPTP-v7.3.0/Problems/SYN/SYN152-1.p	48	626	1060	369	5	5	1
../../TPTP-v7.3.0/Problems/SYN/SYN589-1.p	4	46	51	26	4	20	9
../../TPTP-v7.3.0/Problems/SYN/SYN751-1.p	9	201	321	41	10	1	2
../../TPTP-v7.3.0/Problems/SYN/SYN397+1.p	1	2	2	0	0	0	1
../../TPTP-v7.3.0/Problems/SYN/SYN754-1.p	9	201	321	41	10	1	2
../../TPTP-v7.3.0/Problems/SYN/SYN776-1.p	5	152	242	32	10	2	2
../../TPTP-v7.3.0/Problems/SYN/SYN534+1.p	17	28	186	0	0	21	1
../../TPTP-v7.3.0/Problems/SYN/SYN769-1.p	5	103	163	22	10	2	2
../../TPTP-v7.3.0/Problems/SYN/SYN375+1.p	1	4	4	0	0	0	1
../../TPTP-v7.3.0/Problems/SYN/SYN692-1.p	18	131	148	68	5	26	6
../../TPTP-v7.3.0/Problems/SYN/SYN341+1.p	1	4	2	0	0	0	1
../../TPTP-v7.3.0/Problems/SYN/SYN413+1.p	1	5	4	0	0	0	1
../../TPTP-v7.3.0/Problems/SYN/SYN915-1.p	1	0	1	1	1	0	0
../../TPTP-v7.3.0/Problems/SYN/SYN399+1.p	2	2	4	0	0	0	1
../../TPTP-v7.3.0/Problems/SYN/SYN794-1.p	9	208	328	42	10	2	2
../../TPTP-v7.3.0/Problems/SYN/SYN098-1.002.p	54	0	176	68	4	0	0
../../TPTP-v7.3.0/Problems/SYN/SYN593-1.p	5	52	57	27	6	15	7
../../TPTP-v7.3.0/Problems/SYN/SYN487-1.p	37	97	737	203	10	32	1
../../TPTP-v7.3.0/Problems/SYN/SYN321+1.p	2	6	6	0	0	0	1
../../TPTP-v7.3.0/Problems/SYN/SYN560-1.p	2	28	30	15	4	11	5
../../TPTP-v7.3.0/Problems/SYN/SYN907-1.p	727	2261	3091	791	5	70	2
../../TPTP-v7.3.0/Problems/SYN/SYN093-1.002.p	19	0	63	26	4	0	0
../../TPTP-v7.3.0/Problems/SYN/SYN503-1.p	35	128	804	200	10	30	1
../../TPTP-v7.3.0/Problems/SYN/SYN204-1.p	48	626	1060	369	5	5	1
../../TPTP-v7.3.0/Problems/SYN/SYN550+1.p	2	10	12	0	0	1	1
../../TPTP-v7.3.0/Problems/SYN/SYN475-1.p	35	116	749	192	10	30	1
../../TPTP-v7.3.0/Problems/SYN/SYN133-1.p	48	627	1060	369	5	5	1
../../TPTP-v7.3.0/Problems/SYN/SYN896-1.p	56	1880	2132	102	32	24	1
../../TPTP-v7.3.0/Problems/SYN/SYN639-1.p	9	64	83	42	5	15	27
../../TPTP-v7.3.0/Problems/SYN/SYN533-1.p	23	34	282	92	11	28	1
../../TPTP-v7.3.0/Problems/SYN/SYN337-10.p	1	8	7	7	1	8	4
../../TPTP-v7.3.0/Problems/SYN/SYN513+1.p	17	119	863	0	0	122	1
../../TPTP-v7.3.0/Problems/SYN/SYN630-1.p	6	116	101	36	6	23	9
../../TPTP-v7.3.0/Problems/SYN/SYN318+1.p	3	3	6	0	0	0	1
../../TPTP-v7.3.0/Problems/SYN/SYN604-1.p	7	60	61	30	4	15	6
../../TPTP-v7.3.0/Problems/SYN/SYN860-1.p	637	18215	20579	1008	32	24	1
../../TPTP-v7.3.0/Problems/SYN/SYN064-1.p	1	4	2	2	1	2	2
../../TPTP-v7.3.0/Problems/SYN/SYN740-1.p	5	95	185	31	7	1	2
../../TPTP-v7.3.0/Problems/SYN/SYN353-1.p	1	51	47	17	4	2	2
../../TPTP-v7.3.0/Problems/SYN/SYN383+1.p	2	2	4	0	0	0	1
../../TPTP-v7.3.0/Problems/SYN/SYN747-1.p	5	204	324	41	10	1	2
../../TPTP-v7.3.0/Problems/SYN/SYN721-1.p	2	6	7	4	2	2	1
../../TPTP-v7.3.0/Problems/SYN/SYN091-1.003.p	24	0	98	38	3	0	0
../../TPTP-v7.3.0/Problems/SYN/SYN669-1.p	15	110	117	54	5	21	6
../../TPTP-v7.3.0/Problems/SYN/SYN473-1.p	36	111	751	196	10	31	1
../../TPTP-v7.3.0/Problems/SYN/SYN347+1.p	1	5	5	0	0	0	1
../../TPTP-v7.3.0/Problems/SYN/SYN855-1.p	1742	114976	121400	3104	60	48	1
../../TPTP-v7.3.0/Problems/SYN/SYN076-1.p	2	129	195	34	6	14	2
../../TPTP-v7.3.0/Problems/SYN/SYN880-1.p	56	1620	1832	92	32	24	1
../../TPTP-v7.3.0/Problems/SYN/SYN072+1.p	2	4	6	0	0	2	1
../../TPTP-v7.3.0/Problems/SYN/SYN697-1.p	18	132	155	73	5	28	6
../../TPTP-v7.3.0/Problems/SYN/SYN104-1.p	48	626	1060	369	5	5	1
../../TPTP-v7.3.0/Problems/SYN/SYN898-1.p	80	2988	3260	122	44	32	1
../../TPTP-v7.3.0/Problems/SYN/SYN535-1.p	26	48	367	100	9	28	1
../../TPTP-v7.3.0/Problems/SYN/SYN004-1.007.p	14	0	40	15	3	0	0
../../TPTP-v7.3.0/Problems/SYN/SYN015-2.p	2	29	70	26	6	6	2
../../TPTP-v7.3.0/Problems/SYN/SYN061+1.p	5	4	9	0	0	0	1
../../TPTP-v7.3.0/Problems/SYN/SYN281-1.p	48	627	1060	369	5	5	1
../../TPTP-v7.3.0/Problems/SYN/SYN511-1.p	36	127	810	204	10	31	1
../../TPTP-v7.3.0/Problems/SYN/SYN516-1.p	23	30	259	71	8	23	1
../../TPTP-v7.3.0/Problems/SYN/SYN522+1.p	17	28	226	0	0	37	1
../../TPTP-v7.3.0/Problems/SYN/SYN529+1.p	17	25	242	0	0	43	1
../../TPTP-v7.3.0/Problems/SYN/SYN840-1.p	1587	106423	112251	2842	60	40	1
../../TPTP-v7.3.0/Problems/SYN/SYN294-1.p	48	626	1060	369	5	5	1
../../TPTP-v7.3.0/Problems/SYN/SYN036-4.p	2	81	168	32	6	6	2
../../TPTP-v7.3.0/Problems/SYN/SYN067-1.p	2	188	500	84	9	11	2
../../TPTP-v7.3.0/Problems/SYN/SYN333-1.p	2	6	8	3	4	1	2
../../TPTP-v7.3.0/Problems/SYN/SYN143-1.p	48	626	1060	369	5	5	1
../../TPTP-v7.3.0/Problems/SYN/SYN814-1.p	531	16737	18633	900	32	24	1
../../TPTP-v7.3.0/Problems/SYN/SYN183-1.p	48	626	1060	369	5	5	1
../../TPTP-v7.3.0/Problems/SYN/SYN954+1.p	2	4	6	0	0	0	1
../../TPTP-v7.3.0/Problems/SYN/SYN471-1.p	37	115	762	200	10	32	1
../../TPTP-v7.3.0/Problems/SYN/SYN613-1.p	8	62	70	31	5	16	5
../../TPTP-v7.3.0/Problems/SYN/SYN079+1.p	1	3	6	0	0	4	2
../../TPTP-v7.3.0/Problems/SYN/SYN144-1.p	48	626	1060	369	5	5	1
../../TPTP-v7.3.0/Problems/SYN/SYN071-1.p	1	0	6	4	2	4	1
../../TPTP-v7.3.0/Problems/SYN/SYN262-1.p	48	626	1060	369	5	5	1
../../TPTP-v7.3.0/Problems/SYN/SYN070-1.p	4	9	26	9	5	3	2
../../TPTP-v7.3.0/Problems/SYN/SYN738-1.p	9	62	122	21	7	1	2
../../TPTP-v7.3.0/Problems/SYN/SYN442+1.p	36	88	596	0	0	31	1
../../TPTP-v7.3.0/Problems/SYN/SYN537-1.p	24	78	474	114	13	34	1
../../TPTP-v7.3.0/Problems/SYN/SYN785-1.p	5	127	247	42	7	2	2
../../TPTP-v7.3.0/Problems/SYN/SYN673-1.p	18	124	125	55	4	24	5
../../TPTP-v7.3.0/Problems/SYN/SYN081-1.p	1	3	6	3	2	1	2
../../TPTP-v7.3.0/Problems/SYN/SYN723+1.p	4	16	16	0	0	0	1
../../TPTP-v7.3.0/Problems/SYN/SYN465-1.p	37	102	724	196	10	32	1
../../TPTP-v7.3.0/Problems/SYN/SYN359+1.p	2	7	7	0	0	0	1
../../TPTP-v7.3.0/Problems/SYN/SYN229-1.p	48	627	1060	369	5	5	1
../../TPTP-v7.3.0/Problems/SYN/SYN844-1.p	355	7299	8735	576	24	16	1
../../TPTP-v7.3.0/Problems/SYN/SYN605-1.p	6	54	62	30	4	15	7
../../TPTP-v7.3.0/Problems/SYN/SYN651-1.p	13	114	100	45	4	20	6
../../TPTP-v7.3.0/Problems/SYN/SYN563-1.p	3	31	35	17	4	4	3
../../TPTP-v7.3.0/Problems/SYN/SYN821-1.p	995	44925	48509	1716	43	32	1
../../TPTP-v7.3.0/Problems/SYN/SYN251-1.p	48	626	1060	369	5	5	1
../../TPTP-v7.3.0/Problems/SYN/SYN428-1.p	93	548	3075	700	18	199	1
../../TPTP-v7.3.0/Problems/SYN/SYN526-1.p	28	92	507	113	14	33	1
../../TPTP-v7.3.0/Problems/SYN/SYN492-1.p	18	11	157	60	8	13	1
../../TPTP-v7.3.0/Problems/SYN/SYN361+1.p	3	7	6	0	0	0	1
../../TPTP-v7.3.0/Problems/SYN/SYN327-1.p	1	6	14	6	3	2	2
../../TPTP-v7.3.0/Problems/SYN/SYN481-1.p	36	106	747	200	10	31	1
../../TPTP-v7.3.0/Problems/SYN/SYN044+1.p	3	0	10	0	0	0	0
../../TPTP-v7.3.0/Problems/SYN/SYN721+1.p	2	6	7	0	0	2	1
../../TPTP-v7.3.0/Problems/SYN/SYN518+1.p	17	169	1196	0	0	159	1
../../TPTP-v7.3.0/Problems/SYN/SYN421+1.p	32	127	1089	0	0	159	1
../../TPTP-v7.3.0/Problems/SYN/SYN517-1.p	20	38	282	68	11	20	1
../../TPTP-v7.3.0/Problems/SYN/SYN479+1.p	36	121	745	0	0	31	1
../../TPTP-v7.3.0/Problems/SYN/SYN292-1.p	48	626	1060	369	5	5	1
../../TPTP-v7.3.0/Problems/SYN/SYN187-1.p	48	626	1060	369	5	5	1
../../TPTP-v7.3.0/Problems/SYN/SYN246-1.p	48	626	1060	369	5	5	1
../../TPTP-v7.3.0/Problems/SYN/SYN130-1.p	48	628	1060	369	5	5	1
../../TPTP-v7.3.0/Problems/SYN/SYN486-1.p	36	125	791	200	10	31	1
../../TPTP-v7.3.0/Problems/SYN/SYN233-1.p	48	627	1060	369	5	5	1
../../TPTP-v7.3.0/Problems/SYN/SYN607-1.p	6	54	62	30	4	15	7
../../TPTP-v7.3.0/Problems/SYN/SYN949+1.p	4	8	9	0	0	0	1
../../TPTP-v7.3.0/Problems/SYN/SYN113-1.p	48	626	1060	369	5	5	1
../../TPTP-v7.3.0/Problems/SYN/SYN882-1.p	56	1591	1803	92	32	24	1
../../TPTP-v7.3.0/Problems/SYN/SYN120-1.p	48	626	1060	369	5	5	1
../../TPTP-v7.3.0/Problems/SYN/SYN430+1.p	30	21	236	0	0	25	1
../../TPTP-v7.3.0/Problems/SYN/SYN958+1.p	2	3	4	0	0	0	1
../../TPTP-v7.3.0/Problems/SYN/SYN557-1.p	2	28	22	13	3	6	4
../../TPTP-v7.3.0/Problems/SYN/SYN610-1.p	6	54	62	30	4	15	8
../../TPTP-v7.3.0/Problems/SYN/SYN917+1.p	7	56	94	0	0	0	1
../../TPTP-v7.3.0/Problems/SYN/SYN142-1.p	48	627	1060	369	5	5	1
../../TPTP-v7.3.0/Problems/SYN/SYN062+1.p	6	4	12	0	0	0	1
../../TPTP-v7.3.0/Problems/SYN/SYN866-1.p	1069	46447	50287	1756	44	32	1
../../TPTP-v7.3.0/Problems/SYN/SYN238-1.p	48	628	1060	369	5	5	1
../../TPTP-v7.3.0/Problems/SYN/SYN049-1.p	2	3	4	3	2	2	2
../../TPTP-v7.3.0/Problems/SYN/SYN283-1.p	48	626	1060	369	5	5	1
../../TPTP-v7.3.0/Problems/SYN/SYN466-1.p	37	104	725	196	10	32	1
../../TPTP-v7.3.0/Problems/SYN/SYN055-1.p	5	6	16	7	3	2	1
../../TPTP-v7.3.0/Problems/SYN/SYN445-1.p	35	94	655	180	10	30	1
../../TPTP-v7.3.0/Problems/SYN/SYN216-1.p	48	626	1060	369	5	5	1
../../TPTP-v7.3.0/Problems/SYN/SYN085-1.010.p	11	0	22	12	11	0	0
../../TPTP-v7.3.0/Problems/SYN/SYN590-1.p	6	43	55	27	4	11	3
../../TPTP-v7.3.0/Problems/SYN/SYN986+1.005.p	1	11	10	0	0	2	2
../../TPTP-v7.3.0/Problems/SYN/SYN074+1.p	2	8	6	0	0	0	1
../../TPTP-v7.3.0/Problems/SYN/SYN453-1.p	76	86	971	344	10	71	1
../../TPTP-v7.3.0/Problems/SYN/SYN935+1.p	2	2	4	0	0	0	1
../../TPTP-v7.3.0/Problems/SYN/SYN812-1.p	992	70663	74316	1837	60	30	1
../../TPTP-v7.3.0/Problems/SYN/SYN914-1.p	1	1	65	56	10	21	1
../../TPTP-v7.3.0/Problems/SYN/SYN489-1.p	37	121	792	204	10	32	1
../../TPTP-v7.3.0/Problems/SYN/SYN521-1.p	24	41	334	102	9	34	1
../../TPTP-v7.3.0/Problems/SYN/SYN581-1.p	6	46	56	25	5	11	3
../../TPTP-v7.3.0/Problems/SYN/SYN708-1.p	17	132	164	83	4	41	28
../../TPTP-v7.3.0/Problems/SYN/SYN488+1.p	37	112	722	0	0	32	1
../../TPTP-v7.3.0/Problems/SYN/SYN892-1.p	40	1163	1399	86	24	16	1
../../TPTP-v7.3.0/Problems/SYN/SYN895-1.p	56	1854	2106	102	32	24	1
../../TPTP-v7.3.0/Problems/SYN/SYN421-1.p	76	367	2330	547	15	159	1
../../TPTP-v7.3.0/Problems/SYN/SYN224-1.p	48	627	1060	369	5	5	1
../../TPTP-v7.3.0/Problems/SYN/SYN921+1.p	2	2	4	0	0	0	1
../../TPTP-v7.3.0/Problems/SYN/SYN337-1.p	1	5	5	5	1	3	2
../../TPTP-v7.3.0/Problems/SYN/SYN037-1.p	12	18	104	36	4	8	2
../../TPTP-v7.3.0/Problems/SYN/SYN574-1.p	6	44	51	22	5	8	3
../../TPTP-v7.3.0/Problems/SYN/SYN580-1.p	7	46	54	23	5	8	2
../../TPTP-v7.3.0/Problems/SYN/SYN609-1.p	6	54	62	30	4	15	8
../../TPTP-v7.3.0/Problems/SYN/SYN279-1.p	48	627	1060	369	5	5	1
../../TPTP-v7.3.0/Problems/SYN/SYN826-1.p	1084	71624	75628	2004	60	28	1
../../TPTP-v7.3.0/Problems/SYN/SYN029-1.p	3	0	10	5	3	0	0
../../TPTP-v7.3.0/Problems/SYN/SYN447+1.p	69	93	778	0	0	64	1
../../TPTP-v7.3.0/Problems/SYN/SYN876-1.p	56	1381	1553	82	32	24	1
../../TPTP-v7.3.0/Problems/SYN/SYN074-1.p	2	26	35	11	4	5	2
../../TPTP-v7.3.0/Problems/SYN/SYN215-1.p	48	626	1060	369	5	5	1
../../TPTP-v7.3.0/Problems/SYN/SYN231-1.p	48	627	1060	369	5	5	1
../../TPTP-v7.3.0/Problems/SYN/SYN531-1.p	23	75	375	82	11	24	1
../../TPTP-v7.3.0/Problems/SYN/SYN624-1.p	9	67	73	35	4	16	5
../../TPTP-v7.3.0/Problems/SYN/SYN438+1.p	35	74	515	0	0	30	1
../../TPTP-v7.3.0/Problems/SYN/SYN514-1.p	40	302	1417	281	18	89	1
../../TPTP-v7.3.0/Problems/SYN/SYN636-1.p	8	113	102	40	4	23	4
../../TPTP-v7.3.0/Problems/SYN/SYN116-1.p	48	626	1060	369	5	5	1
../../TPTP-v7.3.0/Problems/SYN/SYN530-1.p	23	70	397	95	14	30	1
../../TPTP-v7.3.0/Problems/SYN/SYN009-4.p	6	15	21	9	6	3	1
../../TPTP-v7.3.0/Problems/SYN/SYN296-1.p	48	626	1060	369	5	5	1
../../TPTP-v7.3.0/Problems/SYN/SYN847-1.p	609	17415	19619	968	32	24	1
../../TPTP-v7.3.0/Problems/SYN/SYN538+1.p	17	53	340	0	0	41	1
../../TPTP-v7.3.0/Problems/SYN/SYN442-1.p	36	88	656	184	10	31	1
../../TPTP-v7.3.0/Problems/SYN/SYN693-1.p	18	131	149	69	5	27	6
../../TPTP-v7.3.0/Problems/SYN/SYN480+1.p	37	126	765	0	0	32	1
../../TPTP-v7.3.0/Problems/SYN/SYN415+1.p	2	5	7	0	0	0	1
../../TPTP-v7.3.0/Problems/SYN/SYN009-3.p	7	18	20	10	6	3	1
../../TPTP-v7.3.0/Problems/SYN/SYN952+1.p	1	2	2	0	0	0	1
../../TPTP-v7.3.0/Problems/SYN/SYN700-1.p	18	132	156	74	5	29	6
../../TPTP-v7.3.0/Problems/SYN/SYN522-1.p	30	80	429	111	11	33	1
../../TPTP-v7.3.0/Problems/SYN/SYN203-1.p	48	627	1060	369	5	5	1
../../TPTP-v7.3.0/Problems/SYN/SYN755-1.p	5	160	310	51	7	1	2
../../TPTP-v7.3.0/Problems/SYN/SYN547-1.p	62	473	2409	484	19	146	1
../../TPTP-v7.3.0/Problems/SYN/SYN433+1.p	31	33	289	0	0	26	1
../../TPTP-v7.3.0/Problems/SYN/SYN474+1.p	37	113	714	0	0	32	1
../../TPTP-v7.3.0/Problems/SYN/SYN853-1.p	1786	118532	125076	3164	60	48	1
../../TPTP-v7.3.0/Problems/SYN/SYN836-1.p	336	6856	8132	536	24	16	1
../../TPTP-v7.3.0/Problems/SYN/SYN339+1.p	1	3	2	0	0	0	1
../../TPTP-v7.3.0/Problems/SYN/SYN773-1.p	9	102	162	22	10	2	2
../../TPTP-v7.3.0/Problems/SYN/SYN463-1.p	35	89	652	180	10	30	1
../../TPTP-v7.3.0/Problems/SYN/SYN599-1.p	8	56	62	29	4	14	11
../../TPTP-v7.3.0/Problems/SYN/SYN523-1.p	22	30	205	55	9	16	1
../../TPTP-v7.3.0/Problems/SYN/SYN139-1.p	48	626	1060	369	5	5	1
../../TPTP-v7.3.0/Problems/SYN/SYN322+1.p	1	3	4	0	0	0	1
../../TPTP-v7.3.0/Problems/SYN/SYN819-1.p	345	7081	8365	544	24	16	1
../../TPTP-v7.3.0/Problems/SYN/SYN775-1.p	5	94	184	32	7	2	2
../../TPTP-v7.3.0/Problems/SYN/SYN520-1.p	67	426	2233	528	16	181	1
../../TPTP-v7.3.0/Problems/SYN/SYN330+1.p	1	3	8	0	0	0	1
../../TPTP-v7.3.0/Problems/SYN/SYN807-1.p	9	251	401	52	10	2	2
../../TPTP-v7.3.0/Problems/SYN/SYN185-1.p	48	626	1060	369	5	5	1
../../TPTP-v7.3.0/Problems/SYN/SYN188-1.p	48	626	1060	369	5	5	1
../../TPTP-v7.3.0/Problems/SYN/SYN258-1.p	48	628	1060	369	5	5	1
../../TPTP-v7.3.0/Problems/SYN/SYN481+1.p	36	106	699	0	0	31	1
../../TPTP-v7.3.0/Problems/SYN/SYN336+1.p	1	4	5	0	0	0	1
../../TPTP-v7.3.0/Problems/SYN/SYN168-1.p	48	628	1060	369	5	5	1
../../TPTP-v7.3.0/Problems/SYN/SYN241-1.p	48	627	1060	369	5	5	1
../../TPTP-v7.3.0/Problems/SYN/SYN156-1.p	48	626	1060	369	5	5	1
../../TPTP-v7.3.0/Problems/SYN/SYN410+1.p	1	4	2	0	0	0	1
../../TPTP-v7.3.0/Problems/SYN/SYN764-1.p	9	262	412	51	10	1	2
../../TPTP-v7.3.0/Problems/SYN/SYN502+1.p	37	117	747	0	0	32	1
../../TPTP-v7.3.0/Problems/SYN/SYN272-1.p	48	627	1060	369	5	5	1
../../TPTP-v7.3.0/Problems/SYN/SYN748-1.p	5	197	317	41	10	1	2
../../TPTP-v7.3.0/Problems/SYN/SYN703-1.p	26	215	178	80	4	31	8
../../TPTP-v7.3.0/Problems/SYN/SYN143-10.p	1	616	363	363	1	55	6
../../TPTP-v7.3.0/Problems/SYN/SYN745-1.p	9	159	249	31	10	1	2
../../TPTP-v7.3.0/Problems/SYN/SYN150-1.p	48	626	1060	369	5	5	1
../../TPTP-v7.3.0/Problems/SYN/SYN883-1.p	56	1660	1872	92	32	24	1
../../TPTP-v7.3.0/Problems/SYN/SYN227-1.p	48	626	1060	369	5	5	1
../../TPTP-v7.3.0/Problems/SYN/SYN101-1.002.002.p	8	24	37	17	3	2	1
../../TPTP-v7.3.0/Problems/SYN/SYN248-1.p	48	626	1060	369	5	5	1
../../TPTP-v7.3.0/Problems/SYN/SYN735-1.p	5	67	127	21	7	1	2
../../TPTP-v7.3.0/Problems/SYN/SYN326-1.p	3	7	12	7	2	2	2
../../TPTP-v7.3.0/Problems/SYN/SYN002-1.007.008.p	1	2	4	2	2	1	9
../../TPTP-v7.3.0/Problems/SYN/SYN652-1.p	16	111	101	47	4	21	5
../../TPTP-v7.3.0/Problems/SYN/SYN257-1.p	48	626	1060	369	5	5	1
../../TPTP-v7.3.0/Problems/SYN/SYN254-1.p	48	626	1060	369	5	5	1
../../TPTP-v7.3.0/Problems/SYN/SYN603-1.p	5	66	77	30	5	17	4
../../TPTP-v7.3.0/Problems/SYN/SYN796-1.p	5	165	315	52	7	2	2
../../TPTP-v7.3.0/Problems/SYN/SYN960+1.p	1	4	2	0	0	0	1
../../TPTP-v7.3.0/Problems/SYN/SYN533+1.p	17	16	158	0	0	28	1
../../TPTP-v7.3.0/Problems/SYN/SYN905-1.p	717	2345	3171	807	5	91	2
../../TPTP-v7.3.0/Problems/SYN/SYN546-1.p	60	414	2379	525	20	158	1
../../TPTP-v7.3.0/Problems/SYN/SYN516+1.p	17	12	119	0	0	23	1
../../TPTP-v7.3.0/Problems/SYN/SYN450+1.p	35	90	599	0	0	30	1
../../TPTP-v7.3.0/Problems/SYN/SYN834-1.p	339	6841	8117	536	24	16	1
../../TPTP-v7.3.0/Problems/SYN/SYN986+1.004.p	1	10	9	0	0	2	2
../../TPTP-v7.3.0/Problems/SYN/SYN207-1.p	48	626	1060	369	5	5	1
../../TPTP-v7.3.0/Problems/SYN/SYN592-1.p	8	40	54	27	4	9	3
../../TPTP-v7.3.0/Problems/SYN/SYN069-1.p	6	11	27	9	5	3	2
../../TPTP-v7.3.0/Problems/SYN/SYN080+1.p	1	4	2	0	0	2	3
../../TPTP-v7.3.0/Problems/SYN/SYN739-1.p	9	100	160	21	10	1	2
../../TPTP-v7.3.0/Problems/SYN/SYN455-1.p	36	90	663	184	10	31	1
../../TPTP-v7.3.0/Problems/SYN/SYN508-1.p	37	116	795	208	10	32	1
../../TPTP-v7.3.0/Problems/SYN/SYN053-1.p	2	4	12	5	3	2	1
../../TPTP-v7.3.0/Problems/SYN/SYN462-1.p	36	87	649	184	10	31	1
../../TPTP-v7.3.0/Problems/SYN/SYN934+1.p	2	2	4	0	0	0	1
../../TPTP-v7.3.0/Problems/SYN/SYN727+1.p	1	5	4	0	0	2	1
../../TPTP-v7.3.0/Problems/SYN/SYN057-1.p	5	4	13	7	4	2	1
../../TPTP-v7.3.0/Problems/SYN/SYN282-1.p	48	628	1060	369	5	5	1
