file	result	axioms	conjencture	processed	note	limit:1000000s
DTS/Alligator/Test/dne.test	True	 (q=>((p=>($false))=>($false))),(p=>r),(q)	(r)	[  u0:T, u1:type, u2:type, u3:type, u4:type, u5:(u6:u3)→(u7:(u8:u2)→⊥)→⊥, u9:(u10:u2)→u1, u11:u3 ] =>u1		
DTS/Alligator/Test/dni.test	True		(p=>~(~(p)))	[  u0:T, u1:type, u2:type ] =>(u3:u1)→¬¬u1		
DTS/Alligator/Test/dni3.test	True	 (p)	((p=>($false))=>($false))	[  u0:T, u1:type, u2:type, u3:type, u4:type, u5:u3 ] =>(u6:(u7:u3)→⊥)→⊥		
DTS/Alligator/Test/dni2.test	True		(p=>((p=>($false))=>($false)))	[  u0:T, u1:type, u2:type, u3:type, u4:type ] =>(u5:u3)→(u6:(u7:u3)→⊥)→⊥		
DTS/Alligator/Test/transitive.test	True	 (p=>q),(q=>r),(p)	(r)	[  u0:T, u1:type, u2:type, u3:type, u4:type, u5:(u6:u3)→u2, u7:(u8:u2)→u1, u9:u3 ] =>u1		
DTS/Alligator/Test/efq.test	True	 (($false))	(p)	[  u0:T, u1:type, u2:type, u3:⊥ ] =>u1		
DTS/Alligator/Test/lem.test	True		(p|~(p))	[  u0:T, u1:type, u2:type ] =>(u3:¬u1)×¬¬u1		
DTS/Alligator/Test/dni4.test	True		(p=>((~(~(p)))=>p))	[  u0:T, u1:type, u2:type, u3:type, u4:type ] =>(u5:u3)→(u6:¬¬u3)→u3		
DTS/Alligator/Test/transitive2.test	True	 (p=>q),(q=>r)	(p=>r)	[  u0:T, u1:type, u2:type, u3:type, u4:type, u5:(u6:u3)→u2, u7:(u8:u2)→u1 ] =>(u9:u3)→u1		
DTS/Alligator/Test/transitive_7_18.test	True		((p=>q)=>((q=>r)=>(p=>r)))	[  u0:T, u1:type, u2:type, u3:type, u4:type ] =>(u5:(u6:u3)→u2)→(u7:(u8:u2)→u1)→(u9:u3)→u1		
DTS/Alligator/Test/lem_all.test	True		(![p]:(p|~(p)))	[  u0:T, u1:type ] =>(u2:type)→¬(u3:¬u2)×¬¬u2		
DTS/Alligator/Test/lem_exist.test	True		(?[p]:(p|~(p)))	[  u0:T, u1:type ] =>(u2:type)×¬(u3:¬u2)×¬¬u2		
DTS/Alligator/TPTP-v7.3.0/Problems/SYN/SYN500+1.p	False			error in process 		
DTS/Alligator/TPTP-v7.3.0/Problems/SYN/SYN514+1.p					Parser Error"TokenComma"	
DTS/Alligator/TPTP-v7.3.0/Problems/SYN/SYN904-1.p					Parser Error	
DTS/Alligator/TPTP-v7.3.0/Problems/SYN/SYN910-1.p					timeout	
DTS/Alligator/TPTP-v7.3.0/Problems/SYN/SYN528+1.p					Parser Error"TokenComma"	
DTS/Alligator/TPTP-v7.3.0/Problems/SYN/SYN045-1.p					Parser Error	
DTS/Alligator/TPTP-v7.3.0/Problems/SYN/SYN737-1.p					Parser Error	
DTS/Alligator/TPTP-v7.3.0/Problems/SYN/SYN051-1.p					Parser Error	
DTS/Alligator/TPTP-v7.3.0/Problems/SYN/SYN079-1.p					Parser Error	
DTS/Alligator/TPTP-v7.3.0/Problems/SYN/SYN064+1.p					Parser Error"TokenComma"	
DTS/Alligator/TPTP-v7.3.0/Problems/SYN/SYN284-1.p					Parser Error	
DTS/Alligator/TPTP-v7.3.0/Problems/SYN/SYN290-1.p					Parser Error	
DTS/Alligator/TPTP-v7.3.0/Problems/SYN/SYN070+1.p					Parser Error"TokenComma"	
DTS/Alligator/TPTP-v7.3.0/Problems/SYN/SYN058+1.p	False			error in process error in process error in process error in process 		
DTS/Alligator/TPTP-v7.3.0/Problems/SYN/SYN521-1.p					Parser Error	
DTS/Alligator/TPTP-v7.3.0/Problems/SYN/SYN919+1.p					Parser Error"TokenComma"	
DTS/Alligator/TPTP-v7.3.0/Problems/SYN/SYN247-1.p					Parser Error	
DTS/Alligator/TPTP-v7.3.0/Problems/SYN/SYN253-1.p					Parser Error	
DTS/Alligator/TPTP-v7.3.0/Problems/SYN/SYN535-1.p					Parser Error	
DTS/Alligator/TPTP-v7.3.0/Problems/SYN/SYN925+1.p	False			error in process 		
DTS/Alligator/TPTP-v7.3.0/Problems/SYN/SYN931+1.p	False			error in process 		
DTS/Alligator/TPTP-v7.3.0/Problems/SYN/SYN143-10.p					Parser Error	
DTS/Alligator/TPTP-v7.3.0/Problems/SYN/SYN509-1.p					Parser Error	
DTS/Alligator/TPTP-v7.3.0/Problems/SYN/SYN496-1.p					Parser Error	
DTS/Alligator/TPTP-v7.3.0/Problems/SYN/SYN482-1.p					Parser Error	
DTS/Alligator/TPTP-v7.3.0/Problems/SYN/SYN455-1.p					Parser Error	
DTS/Alligator/TPTP-v7.3.0/Problems/SYN/SYN333-1.p					Parser Error	
DTS/Alligator/TPTP-v7.3.0/Problems/SYN/SYN327-1.p					Parser Error	
DTS/Alligator/TPTP-v7.3.0/Problems/SYN/SYN441-1.p					Parser Error	
DTS/Alligator/TPTP-v7.3.0/Problems/SYN/SYN469-1.p					Parser Error	
DTS/Alligator/TPTP-v7.3.0/Problems/SYN/SYN474+1.p	False			error in process 		
DTS/Alligator/TPTP-v7.3.0/Problems/SYN/SYN986-10.006.p					Parser Error	
DTS/Alligator/TPTP-v7.3.0/Problems/SYN/SYN694-1.p					Parser Error	
DTS/Alligator/TPTP-v7.3.0/Problems/SYN/SYN680-1.p					Parser Error	
DTS/Alligator/TPTP-v7.3.0/Problems/SYN/SYN858-1.p					timeout	
DTS/Alligator/TPTP-v7.3.0/Problems/SYN/SYN460+1.p	False			error in process 		
DTS/Alligator/TPTP-v7.3.0/Problems/SYN/SYN448+1.p	False			error in process 		
DTS/Alligator/TPTP-v7.3.0/Problems/SYN/SYN098-1.002.p					Parser Error"TokenComma"	
DTS/Alligator/TPTP-v7.3.0/Problems/SYN/SYN870-1.p					Parser Error	
DTS/Alligator/TPTP-v7.3.0/Problems/SYN/SYN864-1.p					timeout	
DTS/Alligator/TPTP-v7.3.0/Problems/SYN/SYN131-1.p					Parser Error	
DTS/Alligator/TPTP-v7.3.0/Problems/SYN/SYN657-1.p					Parser Error	
DTS/Alligator/TPTP-v7.3.0/Problems/SYN/SYN643-1.p					Parser Error	
DTS/Alligator/TPTP-v7.3.0/Problems/SYN/SYN125-1.p					Parser Error	
DTS/Alligator/TPTP-v7.3.0/Problems/SYN/SYN119-1.p					Parser Error	
DTS/Alligator/TPTP-v7.3.0/Problems/SYN/SYN118-1.p					Parser Error	
DTS/Alligator/TPTP-v7.3.0/Problems/SYN/SYN642-1.p					Parser Error	
DTS/Alligator/TPTP-v7.3.0/Problems/SYN/SYN124-1.p					Parser Error	
DTS/Alligator/TPTP-v7.3.0/Problems/SYN/SYN130-1.p					Parser Error	
DTS/Alligator/TPTP-v7.3.0/Problems/SYN/SYN656-1.p					Parser Error	
DTS/Alligator/TPTP-v7.3.0/Problems/SYN/SYN865-1.p					timeout	
DTS/Alligator/TPTP-v7.3.0/Problems/SYN/SYN449+1.p	False			error in process 		
DTS/Alligator/TPTP-v7.3.0/Problems/SYN/SYN871-1.p					Parser Error	
DTS/Alligator/TPTP-v7.3.0/Problems/SYN/SYN859-1.p					timeout	
DTS/Alligator/TPTP-v7.3.0/Problems/SYN/SYN681-1.p					Parser Error	
DTS/Alligator/TPTP-v7.3.0/Problems/SYN/SYN461+1.p	False			error in process 		
DTS/Alligator/TPTP-v7.3.0/Problems/SYN/SYN475+1.p	False			error in process 		
DTS/Alligator/TPTP-v7.3.0/Problems/SYN/SYN695-1.p					Parser Error	
DTS/Alligator/TPTP-v7.3.0/Problems/SYN/SYN468-1.p					Parser Error	
DTS/Alligator/TPTP-v7.3.0/Problems/SYN/SYN326-1.p					Parser Error	
DTS/Alligator/TPTP-v7.3.0/Problems/SYN/SYN440-1.p					Parser Error	
DTS/Alligator/TPTP-v7.3.0/Problems/SYN/SYN454-1.p					Parser Error	
DTS/Alligator/TPTP-v7.3.0/Problems/SYN/SYN332-1.p					Parser Error	
DTS/Alligator/TPTP-v7.3.0/Problems/SYN/SYN483-1.p					Parser Error	
DTS/Alligator/TPTP-v7.3.0/Problems/SYN/SYN497-1.p					Parser Error	
DTS/Alligator/TPTP-v7.3.0/Problems/SYN/SYN930+1.p	False			error in process 		
DTS/Alligator/TPTP-v7.3.0/Problems/SYN/SYN508-1.p					Parser Error	
DTS/Alligator/TPTP-v7.3.0/Problems/SYN/SYN924+1.p	False			error in process 		
DTS/Alligator/TPTP-v7.3.0/Problems/SYN/SYN252-1.p					Parser Error	
DTS/Alligator/TPTP-v7.3.0/Problems/SYN/SYN534-1.p					Parser Error	
DTS/Alligator/TPTP-v7.3.0/Problems/SYN/SYN520-1.p					Parser Error	
DTS/Alligator/TPTP-v7.3.0/Problems/SYN/SYN246-1.p					Parser Error	
DTS/Alligator/TPTP-v7.3.0/Problems/SYN/SYN918+1.p	False			error in process 		
DTS/Alligator/TPTP-v7.3.0/Problems/SYN/SYN059+1.p					Parser Error"TokenComma"	
DTS/Alligator/TPTP-v7.3.0/Problems/SYN/SYN291-1.p					Parser Error	
DTS/Alligator/TPTP-v7.3.0/Problems/SYN/SYN065+1.p					Parser Error"TokenComma"	
DTS/Alligator/TPTP-v7.3.0/Problems/SYN/SYN285-1.p					Parser Error	
DTS/Alligator/TPTP-v7.3.0/Problems/SYN/SYN078-1.p					Parser Error	
DTS/Alligator/TPTP-v7.3.0/Problems/SYN/SYN736-1.p					Parser Error	
DTS/Alligator/TPTP-v7.3.0/Problems/SYN/SYN050-1.p					Parser Error	
DTS/Alligator/TPTP-v7.3.0/Problems/SYN/SYN044-1.p					Parser Error	
DTS/Alligator/TPTP-v7.3.0/Problems/SYN/SYN911-1.p					timeout	
DTS/Alligator/TPTP-v7.3.0/Problems/SYN/SYN529+1.p					Parser Error"TokenComma"	
DTS/Alligator/TPTP-v7.3.0/Problems/SYN/SYN905-1.p					timeout	
DTS/Alligator/TPTP-v7.3.0/Problems/SYN/SYN515+1.p					Parser Error"TokenComma"	
DTS/Alligator/TPTP-v7.3.0/Problems/SYN/SYN501+1.p	False			error in process 		
DTS/Alligator/TPTP-v7.3.0/Problems/SYN/SYN517+1.p					Parser Error"TokenComma"	
DTS/Alligator/TPTP-v7.3.0/Problems/SYN/SYN503+1.p	False			error in process 		
DTS/Alligator/TPTP-v7.3.0/Problems/SYN/SYN913-1.p					timeout	
DTS/Alligator/TPTP-v7.3.0/Problems/SYN/SYN907-1.p					timeout	
DTS/Alligator/TPTP-v7.3.0/Problems/SYN/SYN052-1.p					Parser Error	
DTS/Alligator/TPTP-v7.3.0/Problems/SYN/SYN734-1.p					Parser Error	
DTS/Alligator/TPTP-v7.3.0/Problems/SYN/SYN720-1.p					Parser Error	
DTS/Alligator/TPTP-v7.3.0/Problems/SYN/SYN046-1.p					Parser Error	
DTS/Alligator/TPTP-v7.3.0/Problems/SYN/SYN708-1.p					Parser Error	
DTS/Alligator/TPTP-v7.3.0/Problems/SYN/SYN073+1.p					Parser Error"TokenComma"	
DTS/Alligator/TPTP-v7.3.0/Problems/SYN/SYN293-1.p					Parser Error	
DTS/Alligator/TPTP-v7.3.0/Problems/SYN/SYN287-1.p					Parser Error	
DTS/Alligator/TPTP-v7.3.0/Problems/SYN/SYN067+1.p					Parser Error"TokenComma"	
DTS/Alligator/TPTP-v7.3.0/Problems/SYN/SYN729+1.p					Parser Error"TokenComma"	
DTS/Alligator/TPTP-v7.3.0/Problems/SYN/SYN536-1.p					Parser Error	
DTS/Alligator/TPTP-v7.3.0/Problems/SYN/SYN250-1.p					Parser Error	
DTS/Alligator/TPTP-v7.3.0/Problems/SYN/SYN244-1.p					Parser Error	
DTS/Alligator/TPTP-v7.3.0/Problems/SYN/SYN522-1.p					Parser Error	
DTS/Alligator/TPTP-v7.3.0/Problems/SYN/SYN932+1.p	True		(?[X]:c<=>c)	[  u0:T, u1:type, u2:type ] =>(u3:type)×(u4:(u5:u1)→u1)×(u6:u1)→u1		
DTS/Alligator/TPTP-v7.3.0/Problems/SYN/SYN926+1.p	False			error in process 		
DTS/Alligator/TPTP-v7.3.0/Problems/SYN/SYN278-1.p					Parser Error	
DTS/Alligator/TPTP-v7.3.0/Problems/SYN/SYN481-1.p					Parser Error	
DTS/Alligator/TPTP-v7.3.0/Problems/SYN/SYN495-1.p					Parser Error	
DTS/Alligator/TPTP-v7.3.0/Problems/SYN/SYN442-1.p					Parser Error	
DTS/Alligator/TPTP-v7.3.0/Problems/SYN/SYN324-1.p					Parser Error	
DTS/Alligator/TPTP-v7.3.0/Problems/SYN/SYN330-1.p					Parser Error	
DTS/Alligator/TPTP-v7.3.0/Problems/SYN/SYN456-1.p					Parser Error	
DTS/Alligator/TPTP-v7.3.0/Problems/SYN/SYN318-1.p					Parser Error	
DTS/Alligator/TPTP-v7.3.0/Problems/SYN/SYN463+1.p	False			error in process 		
DTS/Alligator/TPTP-v7.3.0/Problems/SYN/SYN683-1.p					Parser Error	
DTS/Alligator/TPTP-v7.3.0/Problems/SYN/SYN697-1.p					Parser Error	
DTS/Alligator/TPTP-v7.3.0/Problems/SYN/SYN477+1.p	False			error in process 		
DTS/Alligator/TPTP-v7.3.0/Problems/SYN/SYN867-1.p					timeout	
DTS/Alligator/TPTP-v7.3.0/Problems/SYN/SYN339+1.p					Parser Error"TokenComma"	
DTS/Alligator/TPTP-v7.3.0/Problems/SYN/SYN873-1.p					timeout	
DTS/Alligator/TPTP-v7.3.0/Problems/SYN/SYN126-1.p					Parser Error	
DTS/Alligator/TPTP-v7.3.0/Problems/SYN/SYN898-1.p					timeout	
DTS/Alligator/TPTP-v7.3.0/Problems/SYN/SYN640-1.p					Parser Error	
DTS/Alligator/TPTP-v7.3.0/Problems/SYN/SYN654-1.p					Parser Error	
DTS/Alligator/TPTP-v7.3.0/Problems/SYN/SYN132-1.p					Parser Error	
DTS/Alligator/TPTP-v7.3.0/Problems/SYN/SYN668-1.p					Parser Error	
DTS/Alligator/TPTP-v7.3.0/Problems/SYN/SYN488+1.p	False			error in process 		
DTS/Alligator/TPTP-v7.3.0/Problems/SYN/SYN669-1.p					Parser Error	
DTS/Alligator/TPTP-v7.3.0/Problems/SYN/SYN489+1.p	False			error in process 		
DTS/Alligator/TPTP-v7.3.0/Problems/SYN/SYN655-1.p					Parser Error	
DTS/Alligator/TPTP-v7.3.0/Problems/SYN/SYN133-1.p					Parser Error	
DTS/Alligator/TPTP-v7.3.0/Problems/SYN/SYN127-1.p					Parser Error	
DTS/Alligator/TPTP-v7.3.0/Problems/SYN/SYN641-1.p					Parser Error	
DTS/Alligator/TPTP-v7.3.0/Problems/SYN/SYN899-1.p					timeout	
DTS/Alligator/TPTP-v7.3.0/Problems/SYN/SYN872-1.p					timeout	
DTS/Alligator/TPTP-v7.3.0/Problems/SYN/SYN338+1.p					Parser Error"TokenComma"	
DTS/Alligator/TPTP-v7.3.0/Problems/SYN/SYN866-1.p					timeout	
DTS/Alligator/TPTP-v7.3.0/Problems/SYN/SYN696-1.p					Parser Error	
DTS/Alligator/TPTP-v7.3.0/Problems/SYN/SYN476+1.p	False			error in process 		
DTS/Alligator/TPTP-v7.3.0/Problems/SYN/SYN462+1.p	False			error in process 		
DTS/Alligator/TPTP-v7.3.0/Problems/SYN/SYN682-1.p					Parser Error	
DTS/Alligator/TPTP-v7.3.0/Problems/SYN/SYN319-1.p					Parser Error	
DTS/Alligator/TPTP-v7.3.0/Problems/SYN/SYN331-1.p					Parser Error	
DTS/Alligator/TPTP-v7.3.0/Problems/SYN/SYN457-1.p					Parser Error	
DTS/Alligator/TPTP-v7.3.0/Problems/SYN/SYN443-1.p					Parser Error	
DTS/Alligator/TPTP-v7.3.0/Problems/SYN/SYN325-1.p					Parser Error	
DTS/Alligator/TPTP-v7.3.0/Problems/SYN/SYN494-1.p					Parser Error	
DTS/Alligator/TPTP-v7.3.0/Problems/SYN/SYN480-1.p					Parser Error	
DTS/Alligator/TPTP-v7.3.0/Problems/SYN/SYN279-1.p					Parser Error	
DTS/Alligator/TPTP-v7.3.0/Problems/SYN/SYN927+1.p	False			error in process 		
DTS/Alligator/TPTP-v7.3.0/Problems/SYN/SYN933+1.p	True		(![X]:c<=>c)	[  u0:T, u1:type, u2:type ] =>(u3:type)→(u4:(u5:u1)→u1)×(u6:u1)→u1		
DTS/Alligator/TPTP-v7.3.0/Problems/SYN/SYN245-1.p					Parser Error	
DTS/Alligator/TPTP-v7.3.0/Problems/SYN/SYN523-1.p					Parser Error	
DTS/Alligator/TPTP-v7.3.0/Problems/SYN/SYN537-1.p					Parser Error	
DTS/Alligator/TPTP-v7.3.0/Problems/SYN/SYN251-1.p					Parser Error	
DTS/Alligator/TPTP-v7.3.0/Problems/SYN/SYN728+1.p					Parser Error"TokenComma"	
DTS/Alligator/TPTP-v7.3.0/Problems/SYN/SYN286-1.p					Parser Error	
DTS/Alligator/TPTP-v7.3.0/Problems/SYN/SYN066+1.p					Parser Error"TokenComma"	
DTS/Alligator/TPTP-v7.3.0/Problems/SYN/SYN072+1.p					Parser Error"TokenComma"	
DTS/Alligator/TPTP-v7.3.0/Problems/SYN/SYN292-1.p					Parser Error	
DTS/Alligator/TPTP-v7.3.0/Problems/SYN/SYN709-1.p					Parser Error	
DTS/Alligator/TPTP-v7.3.0/Problems/SYN/SYN721-1.p					Parser Error	
DTS/Alligator/TPTP-v7.3.0/Problems/SYN/SYN047-1.p					Parser Error	
DTS/Alligator/TPTP-v7.3.0/Problems/SYN/SYN053-1.p					Parser Error	
DTS/Alligator/TPTP-v7.3.0/Problems/SYN/SYN735-1.p					Parser Error	
DTS/Alligator/TPTP-v7.3.0/Problems/SYN/SYN906-1.p					Parser Error	
DTS/Alligator/TPTP-v7.3.0/Problems/SYN/SYN912-1.p					timeout	
DTS/Alligator/TPTP-v7.3.0/Problems/SYN/SYN502+1.p	False			error in process 		
DTS/Alligator/TPTP-v7.3.0/Problems/SYN/SYN084-1.p					Parser Error	
DTS/Alligator/TPTP-v7.3.0/Problems/SYN/SYN516+1.p					Parser Error"TokenComma"	
DTS/Alligator/TPTP-v7.3.0/Problems/SYN/SYN916-1.p					Parser Error	
DTS/Alligator/TPTP-v7.3.0/Problems/SYN/SYN902-1.p					timeout	
DTS/Alligator/TPTP-v7.3.0/Problems/SYN/SYN512+1.p	False			error in process 		
DTS/Alligator/TPTP-v7.3.0/Problems/SYN/SYN080-1.p					Parser Error	
DTS/Alligator/TPTP-v7.3.0/Problems/SYN/SYN506+1.p	False			error in process 		
DTS/Alligator/TPTP-v7.3.0/Problems/SYN/SYN719-1.p					Parser Error	
DTS/Alligator/TPTP-v7.3.0/Problems/SYN/SYN731-1.p					Parser Error	
DTS/Alligator/TPTP-v7.3.0/Problems/SYN/SYN057-1.p					Parser Error	
DTS/Alligator/TPTP-v7.3.0/Problems/SYN/SYN296-1.p					Parser Error	
DTS/Alligator/TPTP-v7.3.0/Problems/SYN/SYN076+1.p					Parser Error"TokenComma"	
DTS/Alligator/TPTP-v7.3.0/Problems/SYN/SYN062+1.p	False			error in process error in process error in process error in process 		
DTS/Alligator/TPTP-v7.3.0/Problems/SYN/SYN282-1.p					Parser Error	
DTS/Alligator/TPTP-v7.3.0/Problems/SYN/SYN269-1.p					Parser Error	
DTS/Alligator/TPTP-v7.3.0/Problems/SYN/SYN937+1.p	False			error in process 		
DTS/Alligator/TPTP-v7.3.0/Problems/SYN/SYN923+1.p	False			error in process 		
DTS/Alligator/TPTP-v7.3.0/Problems/SYN/SYN255-1.p					Parser Error	
DTS/Alligator/TPTP-v7.3.0/Problems/SYN/SYN533-1.p					Parser Error	
DTS/Alligator/TPTP-v7.3.0/Problems/SYN/SYN527-1.p					Parser Error	
DTS/Alligator/TPTP-v7.3.0/Problems/SYN/SYN241-1.p					Parser Error	
DTS/Alligator/TPTP-v7.3.0/Problems/SYN/SYN484-1.p					Parser Error	
DTS/Alligator/TPTP-v7.3.0/Problems/SYN/SYN490-1.p					Parser Error	
DTS/Alligator/TPTP-v7.3.0/Problems/SYN/SYN309-1.p					Parser Error	
DTS/Alligator/TPTP-v7.3.0/Problems/SYN/SYN321-1.p					Parser Error	
DTS/Alligator/TPTP-v7.3.0/Problems/SYN/SYN447-1.p					Parser Error	
DTS/Alligator/TPTP-v7.3.0/Problems/SYN/SYN090-1.008.p					Parser Error"TokenComma"	
DTS/Alligator/TPTP-v7.3.0/Problems/SYN/SYN453-1.p					Parser Error	
DTS/Alligator/TPTP-v7.3.0/Problems/SYN/SYN335-1.p					Parser Error	
DTS/Alligator/TPTP-v7.3.0/Problems/SYN/SYN862-1.p					timeout	
DTS/Alligator/TPTP-v7.3.0/Problems/SYN/SYN328+1.p					Parser Error"TokenComma"	
DTS/Alligator/TPTP-v7.3.0/Problems/SYN/SYN393+1.003.p	False		(((p1<=>p2)<=>p3)<=>(p1<=>(p2<=>p3)))	[  u0:T, u1:type, u2:type, u3:type, u4:type ] =>(u5:(u6:(u7:(u8:(u9:(u10:u3)→u2)×(u11:u2)→u3)→u1)×(u12:u1)→(u13:(u14:u3)→u2)×(u15:u2)→u3)→(u16:(u17:u3)→(u18:(u19:u2)→u1)×(u20:u1)→u2)×(u21:(u22:(u23:u2)→u1)×(u24:u1)→u2)→u3)×(u25:(u26:(u27:u3)→(u28:(u29:u2)→u1)×(u30:u1)→u2)×(u31:(u32:(u33:u2)→u1)×(u34:u1)→u2)→u3)→(u35:(u36:(u37:(u38:u3)→u2)×(u39:u2)→u3)→u1)×(u40:u1)→(u41:(u42:u3)→u2)×(u43:u2)→u3		
DTS/Alligator/TPTP-v7.3.0/Problems/SYN/SYN876-1.p					timeout	
DTS/Alligator/TPTP-v7.3.0/Problems/SYN/SYN686-1.p					Parser Error	
DTS/Alligator/TPTP-v7.3.0/Problems/SYN/SYN466+1.p	False			error in process 		
DTS/Alligator/TPTP-v7.3.0/Problems/SYN/SYN472+1.p	False			error in process 		
DTS/Alligator/TPTP-v7.3.0/Problems/SYN/SYN692-1.p					Parser Error	
DTS/Alligator/TPTP-v7.3.0/Problems/SYN/SYN679-1.p					Parser Error	
DTS/Alligator/TPTP-v7.3.0/Problems/SYN/SYN009-2.p					Parser Error	
DTS/Alligator/TPTP-v7.3.0/Problems/SYN/SYN499+1.p	False			error in process 		
DTS/Alligator/TPTP-v7.3.0/Problems/SYN/SYN645-1.p					Parser Error	
DTS/Alligator/TPTP-v7.3.0/Problems/SYN/SYN123-1.p					Parser Error	
DTS/Alligator/TPTP-v7.3.0/Problems/SYN/SYN137-1.p					Parser Error	
DTS/Alligator/TPTP-v7.3.0/Problems/SYN/SYN889-1.p					timeout	
DTS/Alligator/TPTP-v7.3.0/Problems/SYN/SYN651-1.p					Parser Error	
DTS/Alligator/TPTP-v7.3.0/Problems/SYN/SYN136-1.p					Parser Error	
DTS/Alligator/TPTP-v7.3.0/Problems/SYN/SYN650-1.p					Parser Error	
DTS/Alligator/TPTP-v7.3.0/Problems/SYN/SYN888-1.p					timeout	
DTS/Alligator/TPTP-v7.3.0/Problems/SYN/SYN644-1.p					Parser Error	
DTS/Alligator/TPTP-v7.3.0/Problems/SYN/SYN122-1.p					Parser Error	
DTS/Alligator/TPTP-v7.3.0/Problems/SYN/SYN678-1.p					Parser Error	
DTS/Alligator/TPTP-v7.3.0/Problems/SYN/SYN498+1.p	False			error in process 		
DTS/Alligator/TPTP-v7.3.0/Problems/SYN/SYN473+1.p	False			error in process 		
DTS/Alligator/TPTP-v7.3.0/Problems/SYN/SYN315+1.p	False			error in process 		
DTS/Alligator/TPTP-v7.3.0/Problems/SYN/SYN693-1.p					Parser Error	
DTS/Alligator/TPTP-v7.3.0/Problems/SYN/SYN687-1.p					Parser Error	
DTS/Alligator/TPTP-v7.3.0/Problems/SYN/SYN467+1.p	False			error in process 		
DTS/Alligator/TPTP-v7.3.0/Problems/SYN/SYN877-1.p					timeout	
DTS/Alligator/TPTP-v7.3.0/Problems/SYN/SYN329+1.p					Parser Error"TokenComma"	
DTS/Alligator/TPTP-v7.3.0/Problems/SYN/SYN863-1.p					timeout	
DTS/Alligator/TPTP-v7.3.0/Problems/SYN/SYN452-1.p					Parser Error	
DTS/Alligator/TPTP-v7.3.0/Problems/SYN/SYN334-1.p					Parser Error	
DTS/Alligator/TPTP-v7.3.0/Problems/SYN/SYN320-1.p					Parser Error	
DTS/Alligator/TPTP-v7.3.0/Problems/SYN/SYN446-1.p					Parser Error	
DTS/Alligator/TPTP-v7.3.0/Problems/SYN/SYN308-1.p					Parser Error	
DTS/Alligator/TPTP-v7.3.0/Problems/SYN/SYN491-1.p					Parser Error	
DTS/Alligator/TPTP-v7.3.0/Problems/SYN/SYN485-1.p					Parser Error	
DTS/Alligator/TPTP-v7.3.0/Problems/SYN/SYN526-1.p					Parser Error	
DTS/Alligator/TPTP-v7.3.0/Problems/SYN/SYN240-1.p					Parser Error	
DTS/Alligator/TPTP-v7.3.0/Problems/SYN/SYN254-1.p					Parser Error	
DTS/Alligator/TPTP-v7.3.0/Problems/SYN/SYN532-1.p					Parser Error	
DTS/Alligator/TPTP-v7.3.0/Problems/SYN/SYN922+1.p	False			error in process 		
DTS/Alligator/TPTP-v7.3.0/Problems/SYN/SYN936+1.p	False			error in process 		
DTS/Alligator/TPTP-v7.3.0/Problems/SYN/SYN268-1.p					Parser Error	
DTS/Alligator/TPTP-v7.3.0/Problems/SYN/SYN063+1.p	False			error in process 		
DTS/Alligator/TPTP-v7.3.0/Problems/SYN/SYN283-1.p					Parser Error	
DTS/Alligator/TPTP-v7.3.0/Problems/SYN/SYN297-1.p					Parser Error	
DTS/Alligator/TPTP-v7.3.0/Problems/SYN/SYN077+1.p					Parser Error"TokenComma"	
DTS/Alligator/TPTP-v7.3.0/Problems/SYN/SYN986+1.001.p					Parser Error"TokenComma"	
DTS/Alligator/TPTP-v7.3.0/Problems/SYN/SYN724-1.p					Parser Error	
DTS/Alligator/TPTP-v7.3.0/Problems/SYN/SYN056-1.p					Parser Error	
DTS/Alligator/TPTP-v7.3.0/Problems/SYN/SYN718-1.p					Parser Error	
DTS/Alligator/TPTP-v7.3.0/Problems/SYN/SYN507+1.p	False			error in process 		
DTS/Alligator/TPTP-v7.3.0/Problems/SYN/SYN081-1.p					Parser Error	
DTS/Alligator/TPTP-v7.3.0/Problems/SYN/SYN513+1.p					Parser Error"TokenComma"	
DTS/Alligator/TPTP-v7.3.0/Problems/SYN/SYN903-1.p					Parser Error	
DTS/Alligator/TPTP-v7.3.0/Problems/SYN/SYN901-1.p					timeout	
DTS/Alligator/TPTP-v7.3.0/Problems/SYN/SYN539+1.p					Parser Error"TokenComma"	
DTS/Alligator/TPTP-v7.3.0/Problems/SYN/SYN915-1.p					Parser Error	
DTS/Alligator/TPTP-v7.3.0/Problems/SYN/SYN083-1.p					Parser Error	
DTS/Alligator/TPTP-v7.3.0/Problems/SYN/SYN505+1.p	False			error in process 		
DTS/Alligator/TPTP-v7.3.0/Problems/SYN/SYN511+1.p	False			error in process 		
DTS/Alligator/TPTP-v7.3.0/Problems/SYN/SYN068-1.p					Parser Error	
DTS/Alligator/TPTP-v7.3.0/Problems/SYN/SYN726-1.p					Parser Error	
DTS/Alligator/TPTP-v7.3.0/Problems/SYN/SYN040-1.p					Parser Error	
DTS/Alligator/TPTP-v7.3.0/Problems/SYN/SYN054-1.p					Parser Error	
DTS/Alligator/TPTP-v7.3.0/Problems/SYN/SYN049+1.p					Parser Error"TokenComma"	
DTS/Alligator/TPTP-v7.3.0/Problems/SYN/SYN281-1.p					Parser Error	
DTS/Alligator/TPTP-v7.3.0/Problems/SYN/SYN061+1.p	False			error in process error in process error in process error in process 		
DTS/Alligator/TPTP-v7.3.0/Problems/SYN/SYN075+1.p					Parser Error"TokenComma"	
DTS/Alligator/TPTP-v7.3.0/Problems/SYN/SYN295-1.p					Parser Error	
DTS/Alligator/TPTP-v7.3.0/Problems/SYN/SYN920+1.p	False			error in process 		
DTS/Alligator/TPTP-v7.3.0/Problems/SYN/SYN518-1.p					Parser Error	
DTS/Alligator/TPTP-v7.3.0/Problems/SYN/SYN986+1.005.p					Parser Error"TokenComma"	
DTS/Alligator/TPTP-v7.3.0/Problems/SYN/SYN934+1.p	False			error in process 		
DTS/Alligator/TPTP-v7.3.0/Problems/SYN/SYN242-1.p					Parser Error	
DTS/Alligator/TPTP-v7.3.0/Problems/SYN/SYN524-1.p					Parser Error	
DTS/Alligator/TPTP-v7.3.0/Problems/SYN/SYN530-1.p					Parser Error	
DTS/Alligator/TPTP-v7.3.0/Problems/SYN/SYN256-1.p					Parser Error	
DTS/Alligator/TPTP-v7.3.0/Problems/SYN/SYN089-1.002.p					Parser Error"TokenComma"	
DTS/Alligator/TPTP-v7.3.0/Problems/SYN/SYN493-1.p					Parser Error	
DTS/Alligator/TPTP-v7.3.0/Problems/SYN/SYN487-1.p					Parser Error	
DTS/Alligator/TPTP-v7.3.0/Problems/SYN/SYN478-1.p					Parser Error	
DTS/Alligator/TPTP-v7.3.0/Problems/SYN/SYN336-1.p					Parser Error	
DTS/Alligator/TPTP-v7.3.0/Problems/SYN/SYN450-1.p					Parser Error	
DTS/Alligator/TPTP-v7.3.0/Problems/SYN/SYN444-1.p					Parser Error	
DTS/Alligator/TPTP-v7.3.0/Problems/SYN/SYN322-1.p					Parser Error	
DTS/Alligator/TPTP-v7.3.0/Problems/SYN/SYN875-1.p					Parser Error	
DTS/Alligator/TPTP-v7.3.0/Problems/SYN/SYN459+1.p	False			error in process 		
DTS/Alligator/TPTP-v7.3.0/Problems/SYN/SYN861-1.p					timeout	
DTS/Alligator/TPTP-v7.3.0/Problems/SYN/SYN691-1.p					Parser Error	
DTS/Alligator/TPTP-v7.3.0/Problems/SYN/SYN317+1.p					Parser Error"TokenComma"	
DTS/Alligator/TPTP-v7.3.0/Problems/SYN/SYN849-1.p					timeout	
DTS/Alligator/TPTP-v7.3.0/Problems/SYN/SYN471+1.p	False			error in process 		
DTS/Alligator/TPTP-v7.3.0/Problems/SYN/SYN465+1.p	False			error in process 		
DTS/Alligator/TPTP-v7.3.0/Problems/SYN/SYN685-1.p					Parser Error	
DTS/Alligator/TPTP-v7.3.0/Problems/SYN/SYN108-1.p					Parser Error	
DTS/Alligator/TPTP-v7.3.0/Problems/SYN/SYN652-1.p					Parser Error	
DTS/Alligator/TPTP-v7.3.0/Problems/SYN/SYN134-1.p					Parser Error	
DTS/Alligator/TPTP-v7.3.0/Problems/SYN/SYN120-1.p					Parser Error	
DTS/Alligator/TPTP-v7.3.0/Problems/SYN/SYN036-2.p					Parser Error	
DTS/Alligator/TPTP-v7.3.0/Problems/SYN/SYN646-1.p					Parser Error	
DTS/Alligator/TPTP-v7.3.0/Problems/SYN/SYN037-2.p					Parser Error	
DTS/Alligator/TPTP-v7.3.0/Problems/SYN/SYN121-1.p					Parser Error	
DTS/Alligator/TPTP-v7.3.0/Problems/SYN/SYN647-1.p					Parser Error	
DTS/Alligator/TPTP-v7.3.0/Problems/SYN/SYN653-1.p					Parser Error	
DTS/Alligator/TPTP-v7.3.0/Problems/SYN/SYN135-1.p					Parser Error	
DTS/Alligator/TPTP-v7.3.0/Problems/SYN/SYN109-1.p					Parser Error	
DTS/Alligator/TPTP-v7.3.0/Problems/SYN/SYN464+1.p	False			error in process 		
DTS/Alligator/TPTP-v7.3.0/Problems/SYN/SYN684-1.p					Parser Error	
DTS/Alligator/TPTP-v7.3.0/Problems/SYN/SYN848-1.p					timeout	
DTS/Alligator/TPTP-v7.3.0/Problems/SYN/SYN316+1.p	False			error in process 		
DTS/Alligator/TPTP-v7.3.0/Problems/SYN/SYN690-1.p					Parser Error	
DTS/Alligator/TPTP-v7.3.0/Problems/SYN/SYN470+1.p	False			error in process 		
DTS/Alligator/TPTP-v7.3.0/Problems/SYN/SYN458+1.p	False			error in process 		
DTS/Alligator/TPTP-v7.3.0/Problems/SYN/SYN860-1.p					timeout	
DTS/Alligator/TPTP-v7.3.0/Problems/SYN/SYN874-1.p					Parser Error	
DTS/Alligator/TPTP-v7.3.0/Problems/SYN/SYN445-1.p					Parser Error	
DTS/Alligator/TPTP-v7.3.0/Problems/SYN/SYN323-1.p					Parser Error	
DTS/Alligator/TPTP-v7.3.0/Problems/SYN/SYN337-1.p					Parser Error	
DTS/Alligator/TPTP-v7.3.0/Problems/SYN/SYN000_3.p					Parser Error"TokenRRBracket"	
DTS/Alligator/TPTP-v7.3.0/Problems/SYN/SYN451-1.p					Parser Error	
DTS/Alligator/TPTP-v7.3.0/Problems/SYN/SYN479-1.p					Parser Error	
DTS/Alligator/TPTP-v7.3.0/Problems/SYN/SYN486-1.p					Parser Error	
DTS/Alligator/TPTP-v7.3.0/Problems/SYN/SYN492-1.p					Parser Error	
DTS/Alligator/TPTP-v7.3.0/Problems/SYN/SYN531-1.p					Parser Error	
DTS/Alligator/TPTP-v7.3.0/Problems/SYN/SYN257-1.p					Parser Error	
DTS/Alligator/TPTP-v7.3.0/Problems/SYN/SYN243-1.p					Parser Error	
DTS/Alligator/TPTP-v7.3.0/Problems/SYN/SYN525-1.p					Parser Error	
DTS/Alligator/TPTP-v7.3.0/Problems/SYN/SYN314-1.002.001.p					Parser Error"TokenPeriod"	
DTS/Alligator/TPTP-v7.3.0/Problems/SYN/SYN935+1.p	False			error in process 		
DTS/Alligator/TPTP-v7.3.0/Problems/SYN/SYN921+1.p	False			error in process 		
DTS/Alligator/TPTP-v7.3.0/Problems/SYN/SYN519-1.p					Parser Error	
DTS/Alligator/TPTP-v7.3.0/Problems/SYN/SYN074+1.p					Parser Error"TokenComma"	
DTS/Alligator/TPTP-v7.3.0/Problems/SYN/SYN294-1.p					Parser Error	
DTS/Alligator/TPTP-v7.3.0/Problems/SYN/SYN280-1.p					Parser Error	
DTS/Alligator/TPTP-v7.3.0/Problems/SYN/SYN060+1.p	False			error in process error in process error in process 		
DTS/Alligator/TPTP-v7.3.0/Problems/SYN/SYN048+1.p	False			error in process 		
DTS/Alligator/TPTP-v7.3.0/Problems/SYN/SYN055-1.p					Parser Error	
DTS/Alligator/TPTP-v7.3.0/Problems/SYN/SYN727-1.p					Parser Error	
DTS/Alligator/TPTP-v7.3.0/Problems/SYN/SYN041-1.p					Parser Error	
DTS/Alligator/TPTP-v7.3.0/Problems/SYN/SYN069-1.p					Parser Error	
DTS/Alligator/TPTP-v7.3.0/Problems/SYN/SYN510+1.p	False			error in process 		
DTS/Alligator/TPTP-v7.3.0/Problems/SYN/SYN504+1.p	False			error in process 		
DTS/Alligator/TPTP-v7.3.0/Problems/SYN/SYN082-1.p					Parser Error	
DTS/Alligator/TPTP-v7.3.0/Problems/SYN/SYN914-1.p					Parser Error	
DTS/Alligator/TPTP-v7.3.0/Problems/SYN/SYN900-1.p					timeout	
DTS/Alligator/TPTP-v7.3.0/Problems/SYN/SYN538+1.p					Parser Error"TokenComma"	
DTS/Alligator/TPTP-v7.3.0/Problems/SYN/SYN783-1.p					Parser Error	
DTS/Alligator/TPTP-v7.3.0/Problems/SYN/SYN797-1.p					Parser Error	
DTS/Alligator/TPTP-v7.3.0/Problems/SYN/SYN740-1.p					Parser Error	
DTS/Alligator/TPTP-v7.3.0/Problems/SYN/SYN032-1.p					Parser Error	
DTS/Alligator/TPTP-v7.3.0/Problems/SYN/SYN754-1.p					Parser Error	
DTS/Alligator/TPTP-v7.3.0/Problems/SYN/SYN768-1.p					Parser Error	
DTS/Alligator/TPTP-v7.3.0/Problems/SYN/SYN581-1.p					Parser Error	
DTS/Alligator/TPTP-v7.3.0/Problems/SYN/SYN595-1.p					Parser Error	
DTS/Alligator/TPTP-v7.3.0/Problems/SYN/SYN224-1.p					Parser Error	
DTS/Alligator/TPTP-v7.3.0/Problems/SYN/SYN542-1.p					Parser Error	
DTS/Alligator/TPTP-v7.3.0/Problems/SYN/SYN556-1.p					Parser Error	
DTS/Alligator/TPTP-v7.3.0/Problems/SYN/SYN230-1.p					Parser Error	
DTS/Alligator/TPTP-v7.3.0/Problems/SYN/SYN946+1.p	False			error in process 		
DTS/Alligator/TPTP-v7.3.0/Problems/SYN/SYN218-1.p					Parser Error	
DTS/Alligator/TPTP-v7.3.0/Problems/SYN/SYN952+1.p	False			error in process 		
DTS/Alligator/TPTP-v7.3.0/Problems/SYN/SYN350-1.p					Parser Error	
DTS/Alligator/TPTP-v7.3.0/Problems/SYN/SYN436-1.p					Parser Error	
DTS/Alligator/TPTP-v7.3.0/Problems/SYN/SYN422-1.p					Parser Error	
DTS/Alligator/TPTP-v7.3.0/Problems/SYN/SYN344-1.p					Parser Error	
DTS/Alligator/TPTP-v7.3.0/Problems/SYN/SYN371+1.p					Parser Error"TokenComma"	
DTS/Alligator/TPTP-v7.3.0/Problems/SYN/SYN191-1.p					Parser Error	
DTS/Alligator/TPTP-v7.3.0/Problems/SYN/SYN403+1.p	False			error in process 		
DTS/Alligator/TPTP-v7.3.0/Problems/SYN/SYN185-1.p					Parser Error	
DTS/Alligator/TPTP-v7.3.0/Problems/SYN/SYN365+1.p					Parser Error"TokenComma"	
DTS/Alligator/TPTP-v7.3.0/Problems/SYN/SYN813-1.p					timeout	
DTS/Alligator/TPTP-v7.3.0/Problems/SYN/SYN807-1.p					Parser Error	
DTS/Alligator/TPTP-v7.3.0/Problems/SYN/SYN359+1.p					Parser Error"TokenComma"	
DTS/Alligator/TPTP-v7.3.0/Problems/SYN/SYN634-1.p					Parser Error	
DTS/Alligator/TPTP-v7.3.0/Problems/SYN/SYN152-1.p					Parser Error	
DTS/Alligator/TPTP-v7.3.0/Problems/SYN/SYN146-1.p					Parser Error	
DTS/Alligator/TPTP-v7.3.0/Problems/SYN/SYN620-1.p					Parser Error	
DTS/Alligator/TPTP-v7.3.0/Problems/SYN/SYN608-1.p					Parser Error	
DTS/Alligator/TPTP-v7.3.0/Problems/SYN/SYN609-1.p					Parser Error	
DTS/Alligator/TPTP-v7.3.0/Problems/SYN/SYN147-1.p					Parser Error	
DTS/Alligator/TPTP-v7.3.0/Problems/SYN/SYN621-1.p					Parser Error	
DTS/Alligator/TPTP-v7.3.0/Problems/SYN/SYN635-1.p					Parser Error	
DTS/Alligator/TPTP-v7.3.0/Problems/SYN/SYN153-1.p					Parser Error	
DTS/Alligator/TPTP-v7.3.0/Problems/SYN/SYN358+1.p	False			error in process 		
DTS/Alligator/TPTP-v7.3.0/Problems/SYN/SYN806-1.p					Parser Error	
DTS/Alligator/TPTP-v7.3.0/Problems/SYN/SYN812-1.p					timeout	
DTS/Alligator/TPTP-v7.3.0/Problems/SYN/SYN086-1.003.p					Parser Error"TokenComma"	
DTS/Alligator/TPTP-v7.3.0/Problems/SYN/SYN184-1.p					Parser Error	
DTS/Alligator/TPTP-v7.3.0/Problems/SYN/SYN402+1.p	False			error in process 		
DTS/Alligator/TPTP-v7.3.0/Problems/SYN/SYN364+1.p					Parser Error"TokenComma"	
DTS/Alligator/TPTP-v7.3.0/Problems/SYN/SYN370+1.p					Parser Error"TokenComma"	
DTS/Alligator/TPTP-v7.3.0/Problems/SYN/SYN190-1.p					Parser Error	
DTS/Alligator/TPTP-v7.3.0/Problems/SYN/SYN416+1.p	True		((p=>q)|(q=>p))	[  u0:T, u1:type, u2:type, u3:type ] =>(u4:¬(u5:u2)→u1)×¬(u6:u1)→u2		
DTS/Alligator/TPTP-v7.3.0/Problems/SYN/SYN423-1.p					timeout	
DTS/Alligator/TPTP-v7.3.0/Problems/SYN/SYN345-1.p					Parser Error	
DTS/Alligator/TPTP-v7.3.0/Problems/SYN/SYN351-1.p					Parser Error	
DTS/Alligator/TPTP-v7.3.0/Problems/SYN/SYN437-1.p					Parser Error	
DTS/Alligator/TPTP-v7.3.0/Problems/SYN/SYN953+1.p	False			error in process 		
DTS/Alligator/TPTP-v7.3.0/Problems/SYN/SYN219-1.p					Parser Error	
DTS/Alligator/TPTP-v7.3.0/Problems/SYN/SYN947+1.p	False			error in process 		
DTS/Alligator/TPTP-v7.3.0/Problems/SYN/SYN557-1.p					Parser Error	
DTS/Alligator/TPTP-v7.3.0/Problems/SYN/SYN231-1.p					Parser Error	
DTS/Alligator/TPTP-v7.3.0/Problems/SYN/SYN225-1.p					Parser Error	
DTS/Alligator/TPTP-v7.3.0/Problems/SYN/SYN543-1.p					Parser Error	
DTS/Alligator/TPTP-v7.3.0/Problems/SYN/SYN594-1.p					Parser Error	
DTS/Alligator/TPTP-v7.3.0/Problems/SYN/SYN580-1.p					Parser Error	
DTS/Alligator/TPTP-v7.3.0/Problems/SYN/SYN769-1.p					Parser Error	
DTS/Alligator/TPTP-v7.3.0/Problems/SYN/SYN033-1.p					Parser Error	
DTS/Alligator/TPTP-v7.3.0/Problems/SYN/SYN755-1.p					Parser Error	
DTS/Alligator/TPTP-v7.3.0/Problems/SYN/SYN741-1.p					Parser Error	
DTS/Alligator/TPTP-v7.3.0/Problems/SYN/SYN002-1.007.008.p					Parser Error"TokenPeriod"	
DTS/Alligator/TPTP-v7.3.0/Problems/SYN/SYN796-1.p					Parser Error	
DTS/Alligator/TPTP-v7.3.0/Problems/SYN/SYN782-1.p					Parser Error	
DTS/Alligator/TPTP-v7.3.0/Problems/SYN/SYN986-10.005.p					Parser Error	
DTS/Alligator/TPTP-v7.3.0/Problems/SYN/SYN794-1.p					Parser Error	
DTS/Alligator/TPTP-v7.3.0/Problems/SYN/SYN780-1.p					Parser Error	
DTS/Alligator/TPTP-v7.3.0/Problems/SYN/SYN548+1.p					Parser Error"TokenComma"	
DTS/Alligator/TPTP-v7.3.0/Problems/SYN/SYN757-1.p					Parser Error	
DTS/Alligator/TPTP-v7.3.0/Problems/SYN/SYN031-1.p					Parser Error	
DTS/Alligator/TPTP-v7.3.0/Problems/SYN/SYN743-1.p					Parser Error	
DTS/Alligator/TPTP-v7.3.0/Problems/SYN/SYN596-1.p					Parser Error	
DTS/Alligator/TPTP-v7.3.0/Problems/SYN/SYN582-1.p					Parser Error	
DTS/Alligator/TPTP-v7.3.0/Problems/SYN/SYN233-1.p					Parser Error	
DTS/Alligator/TPTP-v7.3.0/Problems/SYN/SYN555-1.p					Parser Error	
DTS/Alligator/TPTP-v7.3.0/Problems/SYN/SYN541-1.p					Parser Error	
DTS/Alligator/TPTP-v7.3.0/Problems/SYN/SYN979+1.p					Parser Error"TokenComma"	
DTS/Alligator/TPTP-v7.3.0/Problems/SYN/SYN227-1.p					Parser Error	
DTS/Alligator/TPTP-v7.3.0/Problems/SYN/SYN951+1.p	False			error in process 		
DTS/Alligator/TPTP-v7.3.0/Problems/SYN/SYN569-1.p					Parser Error	
DTS/Alligator/TPTP-v7.3.0/Problems/SYN/SYN945+1.p					Parser Error"TokenComma"	
DTS/Alligator/TPTP-v7.3.0/Problems/SYN/SYN347-1.p					Parser Error	
DTS/Alligator/TPTP-v7.3.0/Problems/SYN/SYN421-1.p					Parser Error	
DTS/Alligator/TPTP-v7.3.0/Problems/SYN/SYN435-1.p					Parser Error	
DTS/Alligator/TPTP-v7.3.0/Problems/SYN/SYN353-1.p					Parser Error	
DTS/Alligator/TPTP-v7.3.0/Problems/SYN/SYN838-1.p					timeout	
DTS/Alligator/TPTP-v7.3.0/Problems/SYN/SYN366+1.p					Parser Error"TokenComma"	
DTS/Alligator/TPTP-v7.3.0/Problems/SYN/SYN400+1.p	True		(![X]:p<=>p)	[  u0:T, u1:type, u2:type ] =>(u3:type)→(u4:(u5:u1)→u1)×(u6:u1)→u1		
DTS/Alligator/TPTP-v7.3.0/Problems/SYN/SYN186-1.p					Parser Error	
DTS/Alligator/TPTP-v7.3.0/Problems/SYN/SYN084-2.p					Parser Error	
DTS/Alligator/TPTP-v7.3.0/Problems/SYN/SYN414+1.p					Parser Error"TokenComma"	
DTS/Alligator/TPTP-v7.3.0/Problems/SYN/SYN192-1.p					Parser Error	
DTS/Alligator/TPTP-v7.3.0/Problems/SYN/SYN372+1.p					Parser Error"TokenRRBracket"	
DTS/Alligator/TPTP-v7.3.0/Problems/SYN/SYN804-1.p					Parser Error	
DTS/Alligator/TPTP-v7.3.0/Problems/SYN/SYN428+1.p					Parser Error"TokenComma"	
DTS/Alligator/TPTP-v7.3.0/Problems/SYN/SYN810-1.p					Parser Error	
DTS/Alligator/TPTP-v7.3.0/Problems/SYN/SYN623-1.p					Parser Error	
DTS/Alligator/TPTP-v7.3.0/Problems/SYN/SYN145-1.p					Parser Error	
DTS/Alligator/TPTP-v7.3.0/Problems/SYN/SYN151-1.p					Parser Error	
DTS/Alligator/TPTP-v7.3.0/Problems/SYN/SYN637-1.p					Parser Error	
DTS/Alligator/TPTP-v7.3.0/Problems/SYN/SYN399+1.p	False			error in process 		
DTS/Alligator/TPTP-v7.3.0/Problems/SYN/SYN179-1.p					Parser Error	
DTS/Alligator/TPTP-v7.3.0/Problems/SYN/SYN398+1.p	False			error in process 		
DTS/Alligator/TPTP-v7.3.0/Problems/SYN/SYN178-1.p					Parser Error	
DTS/Alligator/TPTP-v7.3.0/Problems/SYN/SYN150-1.p					Parser Error	
DTS/Alligator/TPTP-v7.3.0/Problems/SYN/SYN636-1.p					Parser Error	
DTS/Alligator/TPTP-v7.3.0/Problems/SYN/SYN622-1.p					Parser Error	
DTS/Alligator/TPTP-v7.3.0/Problems/SYN/SYN144-1.p					Parser Error	
DTS/Alligator/TPTP-v7.3.0/Problems/SYN/SYN429+1.p					Parser Error"TokenComma"	
DTS/Alligator/TPTP-v7.3.0/Problems/SYN/SYN811-1.p					timeout	
DTS/Alligator/TPTP-v7.3.0/Problems/SYN/SYN805-1.p					Parser Error	
DTS/Alligator/TPTP-v7.3.0/Problems/SYN/SYN193-1.p					Parser Error	
DTS/Alligator/TPTP-v7.3.0/Problems/SYN/SYN415+1.p					Parser Error"TokenComma"	
DTS/Alligator/TPTP-v7.3.0/Problems/SYN/SYN373+1.p	False			error in process 		
DTS/Alligator/TPTP-v7.3.0/Problems/SYN/SYN367+1.p	False			error in process 		
DTS/Alligator/TPTP-v7.3.0/Problems/SYN/SYN839-1.p					timeout	
DTS/Alligator/TPTP-v7.3.0/Problems/SYN/SYN187-1.p					Parser Error	
DTS/Alligator/TPTP-v7.3.0/Problems/SYN/SYN401+1.p	False			error in process 		
DTS/Alligator/TPTP-v7.3.0/Problems/SYN/SYN434-1.p					Parser Error	
DTS/Alligator/TPTP-v7.3.0/Problems/SYN/SYN352-1.p					Parser Error	
DTS/Alligator/TPTP-v7.3.0/Problems/SYN/SYN346-1.p					Parser Error	
DTS/Alligator/TPTP-v7.3.0/Problems/SYN/SYN420-1.p					Parser Error	
DTS/Alligator/TPTP-v7.3.0/Problems/SYN/SYN944+1.p					Parser Error"TokenComma"	
DTS/Alligator/TPTP-v7.3.0/Problems/SYN/SYN950+1.p					Parser Error"TokenComma"	
DTS/Alligator/TPTP-v7.3.0/Problems/SYN/SYN568-1.p					Parser Error	
DTS/Alligator/TPTP-v7.3.0/Problems/SYN/SYN540-1.p					Parser Error	
DTS/Alligator/TPTP-v7.3.0/Problems/SYN/SYN226-1.p					Parser Error	
DTS/Alligator/TPTP-v7.3.0/Problems/SYN/SYN978+1.p	True		((a&b)=>(a<=>b))	[  u0:T, u1:type, u2:type, u3:type ] =>(u4:(u5:u2)×u1)→(u6:(u7:u2)→u1)×(u8:u1)→u2		
DTS/Alligator/TPTP-v7.3.0/Problems/SYN/SYN232-1.p					Parser Error	
DTS/Alligator/TPTP-v7.3.0/Problems/SYN/SYN554-1.p					Parser Error	
DTS/Alligator/TPTP-v7.3.0/Problems/SYN/SYN583-1.p					Parser Error	
DTS/Alligator/TPTP-v7.3.0/Problems/SYN/SYN597-1.p					Parser Error	
DTS/Alligator/TPTP-v7.3.0/Problems/SYN/SYN742-1.p					Parser Error	
DTS/Alligator/TPTP-v7.3.0/Problems/SYN/SYN756-1.p					Parser Error	
DTS/Alligator/TPTP-v7.3.0/Problems/SYN/SYN030-1.p					Parser Error	
DTS/Alligator/TPTP-v7.3.0/Problems/SYN/SYN549+1.p					Parser Error"TokenComma"	
DTS/Alligator/TPTP-v7.3.0/Problems/SYN/SYN781-1.p					Parser Error	
DTS/Alligator/TPTP-v7.3.0/Problems/SYN/SYN795-1.p					Parser Error	
DTS/Alligator/TPTP-v7.3.0/Problems/SYN/SYN067-3.p					Parser Error	
DTS/Alligator/TPTP-v7.3.0/Problems/SYN/SYN791-1.p					Parser Error	
DTS/Alligator/TPTP-v7.3.0/Problems/SYN/SYN785-1.p					Parser Error	
DTS/Alligator/TPTP-v7.3.0/Problems/SYN/SYN008-1.p					Parser Error	
DTS/Alligator/TPTP-v7.3.0/Problems/SYN/SYN034-1.p					Parser Error	
DTS/Alligator/TPTP-v7.3.0/Problems/SYN/SYN752-1.p					Parser Error	
DTS/Alligator/TPTP-v7.3.0/Problems/SYN/SYN746-1.p					Parser Error	
DTS/Alligator/TPTP-v7.3.0/Problems/SYN/SYN593-1.p					Parser Error	
DTS/Alligator/TPTP-v7.3.0/Problems/SYN/SYN587-1.p					Parser Error	
DTS/Alligator/TPTP-v7.3.0/Problems/SYN/SYN001+1.p	True		(~~p<=>p)	[  u0:T, u1:type, u2:type ] =>(u3:(u4:u1)→u1)×(u5:u1)→u1		
DTS/Alligator/TPTP-v7.3.0/Problems/SYN/SYN954+1.p					Parser Error"TokenComma"	
DTS/Alligator/TPTP-v7.3.0/Problems/SYN/SYN940+1.p					Parser Error"TokenComma"	
DTS/Alligator/TPTP-v7.3.0/Problems/SYN/SYN578-1.p					Parser Error	
DTS/Alligator/TPTP-v7.3.0/Problems/SYN/SYN236-1.p					Parser Error	
DTS/Alligator/TPTP-v7.3.0/Problems/SYN/SYN968+1.p	False			error in process 		
DTS/Alligator/TPTP-v7.3.0/Problems/SYN/SYN222-1.p					Parser Error	
DTS/Alligator/TPTP-v7.3.0/Problems/SYN/SYN544-1.p					Parser Error	
DTS/Alligator/TPTP-v7.3.0/Problems/SYN/SYN418-1.p					Parser Error	
DTS/Alligator/TPTP-v7.3.0/Problems/SYN/SYN424-1.p					timeout	
DTS/Alligator/TPTP-v7.3.0/Problems/SYN/SYN342-1.p					Parser Error	
DTS/Alligator/TPTP-v7.3.0/Problems/SYN/SYN430-1.p					Parser Error	
DTS/Alligator/TPTP-v7.3.0/Problems/SYN/SYN439+1.p	False			error in process 		
DTS/Alligator/TPTP-v7.3.0/Problems/SYN/SYN801-1.p					Parser Error	
DTS/Alligator/TPTP-v7.3.0/Problems/SYN/SYN815-1.p					timeout	
DTS/Alligator/TPTP-v7.3.0/Problems/SYN/SYN405+1.p	False			error in process 		
DTS/Alligator/TPTP-v7.3.0/Problems/SYN/SYN183-1.p					Parser Error	
DTS/Alligator/TPTP-v7.3.0/Problems/SYN/SYN363+1.p					Parser Error"TokenComma"	
DTS/Alligator/TPTP-v7.3.0/Problems/SYN/SYN377+1.p	False			error in process 		
DTS/Alligator/TPTP-v7.3.0/Problems/SYN/SYN829-1.p					timeout	
DTS/Alligator/TPTP-v7.3.0/Problems/SYN/SYN411+1.p					Parser Error"TokenComma"	
DTS/Alligator/TPTP-v7.3.0/Problems/SYN/SYN197-1.p					Parser Error	
DTS/Alligator/TPTP-v7.3.0/Problems/SYN/SYN388+1.p	True		(p|~~~p)	[  u0:T, u1:type, u2:type ] =>(u3:¬u1)×¬¬¬¬u1		
DTS/Alligator/TPTP-v7.3.0/Problems/SYN/SYN168-1.p					Parser Error	
DTS/Alligator/TPTP-v7.3.0/Problems/SYN/SYN140-1.p					Parser Error	
DTS/Alligator/TPTP-v7.3.0/Problems/SYN/SYN085-1.010.p					Parser Error"TokenComma"	
DTS/Alligator/TPTP-v7.3.0/Problems/SYN/SYN626-1.p					Parser Error	
DTS/Alligator/TPTP-v7.3.0/Problems/SYN/SYN632-1.p					Parser Error	
DTS/Alligator/TPTP-v7.3.0/Problems/SYN/SYN154-1.p					Parser Error	
DTS/Alligator/TPTP-v7.3.0/Problems/SYN/SYN986+1.002.p					Parser Error"TokenComma"	
DTS/Alligator/TPTP-v7.3.0/Problems/SYN/SYN633-1.p					Parser Error	
DTS/Alligator/TPTP-v7.3.0/Problems/SYN/SYN155-1.p					Parser Error	
DTS/Alligator/TPTP-v7.3.0/Problems/SYN/SYN141-1.p					Parser Error	
DTS/Alligator/TPTP-v7.3.0/Problems/SYN/SYN627-1.p					Parser Error	
DTS/Alligator/TPTP-v7.3.0/Problems/SYN/SYN389+1.p	True		(((p=>q)=>p)=>p)	[  u0:T, u1:type, u2:type, u3:type ] =>(u4:(u5:(u6:u2)→u1)→u2)→u2		
DTS/Alligator/TPTP-v7.3.0/Problems/SYN/SYN169-1.p					Parser Error	
DTS/Alligator/TPTP-v7.3.0/Problems/SYN/SYN828-1.p					timeout	
DTS/Alligator/TPTP-v7.3.0/Problems/SYN/SYN376+1.p	False			error in process 		
DTS/Alligator/TPTP-v7.3.0/Problems/SYN/SYN196-1.p					Parser Error	
DTS/Alligator/TPTP-v7.3.0/Problems/SYN/SYN410+1.p					Parser Error"TokenComma"	
DTS/Alligator/TPTP-v7.3.0/Problems/SYN/SYN182-1.p					Parser Error	
DTS/Alligator/TPTP-v7.3.0/Problems/SYN/SYN404+1.p	False			error in process 		
DTS/Alligator/TPTP-v7.3.0/Problems/SYN/SYN362+1.p					Parser Error"TokenComma"	
DTS/Alligator/TPTP-v7.3.0/Problems/SYN/SYN814-1.p					timeout	
DTS/Alligator/TPTP-v7.3.0/Problems/SYN/SYN438+1.p	False			error in process 		
DTS/Alligator/TPTP-v7.3.0/Problems/SYN/SYN800-1.p					Parser Error	
DTS/Alligator/TPTP-v7.3.0/Problems/SYN/SYN431-1.p					Parser Error	
DTS/Alligator/TPTP-v7.3.0/Problems/SYN/SYN425-1.p					Parser Error	
DTS/Alligator/TPTP-v7.3.0/Problems/SYN/SYN343-1.p					Parser Error	
DTS/Alligator/TPTP-v7.3.0/Problems/SYN/SYN419-1.p					Parser Error	
DTS/Alligator/TPTP-v7.3.0/Problems/SYN/SYN223-1.p					Parser Error	
DTS/Alligator/TPTP-v7.3.0/Problems/SYN/SYN545-1.p					Parser Error	
DTS/Alligator/TPTP-v7.3.0/Problems/SYN/SYN969+1.p	False			error in process 		
DTS/Alligator/TPTP-v7.3.0/Problems/SYN/SYN237-1.p					Parser Error	
DTS/Alligator/TPTP-v7.3.0/Problems/SYN/SYN941+1.p					Parser Error"TokenComma"	
DTS/Alligator/TPTP-v7.3.0/Problems/SYN/SYN579-1.p					Parser Error	
DTS/Alligator/TPTP-v7.3.0/Problems/SYN/SYN955+1.p	False			error in process 		
DTS/Alligator/TPTP-v7.3.0/Problems/SYN/SYN000+1.p					Parser Error"TokenComma"	
DTS/Alligator/TPTP-v7.3.0/Problems/SYN/SYN586-1.p					Parser Error	
DTS/Alligator/TPTP-v7.3.0/Problems/SYN/SYN592-1.p					Parser Error	
DTS/Alligator/TPTP-v7.3.0/Problems/SYN/SYN747-1.p					Parser Error	
DTS/Alligator/TPTP-v7.3.0/Problems/SYN/SYN035-1.p					Parser Error	
DTS/Alligator/TPTP-v7.3.0/Problems/SYN/SYN753-1.p					Parser Error	
DTS/Alligator/TPTP-v7.3.0/Problems/SYN/SYN009-1.p					Parser Error	
DTS/Alligator/TPTP-v7.3.0/Problems/SYN/SYN000_4.p					Parser Error"TokenRRBracket"	
DTS/Alligator/TPTP-v7.3.0/Problems/SYN/SYN784-1.p					Parser Error	
DTS/Alligator/TPTP-v7.3.0/Problems/SYN/SYN790-1.p					Parser Error	
DTS/Alligator/TPTP-v7.3.0/Problems/SYN/SYN786-1.p					Parser Error	
DTS/Alligator/TPTP-v7.3.0/Problems/SYN/SYN792-1.p					Parser Error	
DTS/Alligator/TPTP-v7.3.0/Problems/SYN/SYN779-1.p					Parser Error	
DTS/Alligator/TPTP-v7.3.0/Problems/SYN/SYN745-1.p					Parser Error	
DTS/Alligator/TPTP-v7.3.0/Problems/SYN/SYN751-1.p					Parser Error	
DTS/Alligator/TPTP-v7.3.0/Problems/SYN/SYN037-1.p					Parser Error	
DTS/Alligator/TPTP-v7.3.0/Problems/SYN/SYN980+1.p					Parser Error"TokenComma"	
DTS/Alligator/TPTP-v7.3.0/Problems/SYN/SYN584-1.p					Parser Error	
DTS/Alligator/TPTP-v7.3.0/Problems/SYN/SYN590-1.p					Parser Error	
DTS/Alligator/TPTP-v7.3.0/Problems/SYN/SYN943+1.p					Parser Error"TokenComma"	
DTS/Alligator/TPTP-v7.3.0/Problems/SYN/SYN209-1.p					Parser Error	
DTS/Alligator/TPTP-v7.3.0/Problems/SYN/SYN957+1.p					Parser Error"TokenComma"	
DTS/Alligator/TPTP-v7.3.0/Problems/SYN/SYN547-1.p					Parser Error	
DTS/Alligator/TPTP-v7.3.0/Problems/SYN/SYN221-1.p					Parser Error	
DTS/Alligator/TPTP-v7.3.0/Problems/SYN/SYN235-1.p					Parser Error	
DTS/Alligator/TPTP-v7.3.0/Problems/SYN/SYN553-1.p					Parser Error	
DTS/Alligator/TPTP-v7.3.0/Problems/SYN/SYN433-1.p					Parser Error	
DTS/Alligator/TPTP-v7.3.0/Problems/SYN/SYN341-1.p					Parser Error	
DTS/Alligator/TPTP-v7.3.0/Problems/SYN/SYN427-1.p					timeout	
DTS/Alligator/TPTP-v7.3.0/Problems/SYN/SYN348+1.p					Parser Error"TokenComma"	
DTS/Alligator/TPTP-v7.3.0/Problems/SYN/SYN816-1.p					timeout	
DTS/Alligator/TPTP-v7.3.0/Problems/SYN/SYN802-1.p					Parser Error	
DTS/Alligator/TPTP-v7.3.0/Problems/SYN/SYN412+1.p					Parser Error"TokenComma"	
DTS/Alligator/TPTP-v7.3.0/Problems/SYN/SYN194-1.p					Parser Error	
DTS/Alligator/TPTP-v7.3.0/Problems/SYN/SYN374+1.p	False			error in process 		
DTS/Alligator/TPTP-v7.3.0/Problems/SYN/SYN360+1.p					Parser Error"TokenComma"	
DTS/Alligator/TPTP-v7.3.0/Problems/SYN/SYN406+1.p	False			error in process 		
DTS/Alligator/TPTP-v7.3.0/Problems/SYN/SYN180-1.p					Parser Error	
DTS/Alligator/TPTP-v7.3.0/Problems/SYN/SYN093-1.002.p					Parser Error"TokenComma"	
DTS/Alligator/TPTP-v7.3.0/Problems/SYN/SYN619-1.p					Parser Error	
DTS/Alligator/TPTP-v7.3.0/Problems/SYN/SYN157-1.p					Parser Error	
DTS/Alligator/TPTP-v7.3.0/Problems/SYN/SYN631-1.p					Parser Error	
DTS/Alligator/TPTP-v7.3.0/Problems/SYN/SYN625-1.p					Parser Error	
DTS/Alligator/TPTP-v7.3.0/Problems/SYN/SYN143-1.p					Parser Error	
DTS/Alligator/TPTP-v7.3.0/Problems/SYN/SYN624-1.p					Parser Error	
DTS/Alligator/TPTP-v7.3.0/Problems/SYN/SYN142-1.p					Parser Error	
DTS/Alligator/TPTP-v7.3.0/Problems/SYN/SYN156-1.p					Parser Error	
DTS/Alligator/TPTP-v7.3.0/Problems/SYN/SYN630-1.p					Parser Error	
DTS/Alligator/TPTP-v7.3.0/Problems/SYN/SYN618-1.p					Parser Error	
DTS/Alligator/TPTP-v7.3.0/Problems/SYN/SYN361+1.p					Parser Error"TokenComma"	
DTS/Alligator/TPTP-v7.3.0/Problems/SYN/SYN181-1.p					Parser Error	
DTS/Alligator/TPTP-v7.3.0/Problems/SYN/SYN407+1.p	False			error in process 		
DTS/Alligator/TPTP-v7.3.0/Problems/SYN/SYN195-1.p					Parser Error	
DTS/Alligator/TPTP-v7.3.0/Problems/SYN/SYN413+1.p					Parser Error"TokenComma"	
DTS/Alligator/TPTP-v7.3.0/Problems/SYN/SYN375+1.p	False			error in process 		
DTS/Alligator/TPTP-v7.3.0/Problems/SYN/SYN803-1.p					Parser Error	
DTS/Alligator/TPTP-v7.3.0/Problems/SYN/SYN817-1.p					timeout	
DTS/Alligator/TPTP-v7.3.0/Problems/SYN/SYN349+1.p					Parser Error"TokenComma"	
DTS/Alligator/TPTP-v7.3.0/Problems/SYN/SYN340-1.p					Parser Error	
DTS/Alligator/TPTP-v7.3.0/Problems/SYN/SYN426-1.p					timeout	
DTS/Alligator/TPTP-v7.3.0/Problems/SYN/SYN432-1.p					Parser Error	
DTS/Alligator/TPTP-v7.3.0/Problems/SYN/SYN354-1.p					Parser Error	
DTS/Alligator/TPTP-v7.3.0/Problems/SYN/SYN986+1.006.p					Parser Error"TokenComma"	
DTS/Alligator/TPTP-v7.3.0/Problems/SYN/SYN087-1.003.p					Parser Error"TokenComma"	
DTS/Alligator/TPTP-v7.3.0/Problems/SYN/SYN234-1.p					Parser Error	
DTS/Alligator/TPTP-v7.3.0/Problems/SYN/SYN552-1.p					Parser Error	
DTS/Alligator/TPTP-v7.3.0/Problems/SYN/SYN546-1.p					Parser Error	
DTS/Alligator/TPTP-v7.3.0/Problems/SYN/SYN220-1.p					Parser Error	
DTS/Alligator/TPTP-v7.3.0/Problems/SYN/SYN956+1.p	False			error in process 		
DTS/Alligator/TPTP-v7.3.0/Problems/SYN/SYN208-1.p					Parser Error	
DTS/Alligator/TPTP-v7.3.0/Problems/SYN/SYN942+1.p	False			error in process 		
DTS/Alligator/TPTP-v7.3.0/Problems/SYN/SYN591-1.p					Parser Error	
DTS/Alligator/TPTP-v7.3.0/Problems/SYN/SYN585-1.p					Parser Error	
DTS/Alligator/TPTP-v7.3.0/Problems/SYN/SYN981+1.p	False			error in process 		
DTS/Alligator/TPTP-v7.3.0/Problems/SYN/SYN750-1.p					Parser Error	
DTS/Alligator/TPTP-v7.3.0/Problems/SYN/SYN036-1.p					Parser Error	
DTS/Alligator/TPTP-v7.3.0/Problems/SYN/SYN102-1.007.007.p					Parser Error"TokenPeriod"	
DTS/Alligator/TPTP-v7.3.0/Problems/SYN/SYN744-1.p					Parser Error	
DTS/Alligator/TPTP-v7.3.0/Problems/SYN/SYN778-1.p					Parser Error	
DTS/Alligator/TPTP-v7.3.0/Problems/SYN/SYN793-1.p					Parser Error	
DTS/Alligator/TPTP-v7.3.0/Problems/SYN/SYN000=2.p					Parser Error"TokenComma"	
DTS/Alligator/TPTP-v7.3.0/Problems/SYN/SYN787-1.p					Parser Error	
DTS/Alligator/TPTP-v7.3.0/Problems/SYN/SYN542+1.p	False			error in process 		
DTS/Alligator/TPTP-v7.3.0/Problems/SYN/SYN761-1.p					Parser Error	
DTS/Alligator/TPTP-v7.3.0/Problems/SYN/SYN013-1.p					Parser Error	
DTS/Alligator/TPTP-v7.3.0/Problems/SYN/SYN775-1.p					Parser Error	
DTS/Alligator/TPTP-v7.3.0/Problems/SYN/SYN749-1.p					Parser Error	
DTS/Alligator/TPTP-v7.3.0/Problems/SYN/SYN092-1.003.p					Parser Error"TokenComma"	
DTS/Alligator/TPTP-v7.3.0/Problems/SYN/SYN588-1.p					Parser Error	
DTS/Alligator/TPTP-v7.3.0/Problems/SYN/SYN205-1.p					Parser Error	
DTS/Alligator/TPTP-v7.3.0/Problems/SYN/SYN563-1.p					Parser Error	
DTS/Alligator/TPTP-v7.3.0/Problems/SYN/SYN577-1.p					Parser Error	
DTS/Alligator/TPTP-v7.3.0/Problems/SYN/SYN211-1.p					Parser Error	
DTS/Alligator/TPTP-v7.3.0/Problems/SYN/SYN967+1.p					Parser Error"TokenComma"	
DTS/Alligator/TPTP-v7.3.0/Problems/SYN/SYN239-1.p					Parser Error	
DTS/Alligator/TPTP-v7.3.0/Problems/SYN/SYN973+1.p	False			error in process 		
DTS/Alligator/TPTP-v7.3.0/Problems/SYN/SYN350+1.p					Parser Error"TokenComma"	
DTS/Alligator/TPTP-v7.3.0/Problems/SYN/SYN436+1.p	False			error in process 		
DTS/Alligator/TPTP-v7.3.0/Problems/SYN/SYN422+1.p					Parser Error"TokenComma"	
DTS/Alligator/TPTP-v7.3.0/Problems/SYN/SYN344+1.p					Parser Error"TokenComma"	
DTS/Alligator/TPTP-v7.3.0/Problems/SYN/SYN832-1.p					timeout	
DTS/Alligator/TPTP-v7.3.0/Problems/SYN/SYN198-1.p					Parser Error	
DTS/Alligator/TPTP-v7.3.0/Problems/SYN/SYN826-1.p					timeout	
DTS/Alligator/TPTP-v7.3.0/Problems/SYN/SYN378+1.p	False			error in process 		
DTS/Alligator/TPTP-v7.3.0/Problems/SYN/SYN615-1.p					Parser Error	
DTS/Alligator/TPTP-v7.3.0/Problems/SYN/SYN173-1.p					Parser Error	
DTS/Alligator/TPTP-v7.3.0/Problems/SYN/SYN167-1.p					Parser Error	
DTS/Alligator/TPTP-v7.3.0/Problems/SYN/SYN387+1.p	True		(p|~p)	[  u0:T, u1:type, u2:type ] =>(u3:¬u1)×¬¬u1		
DTS/Alligator/TPTP-v7.3.0/Problems/SYN/SYN601-1.p					Parser Error	
DTS/Alligator/TPTP-v7.3.0/Problems/SYN/SYN629-1.p					Parser Error	
DTS/Alligator/TPTP-v7.3.0/Problems/SYN/SYN628-1.p					Parser Error	
DTS/Alligator/TPTP-v7.3.0/Problems/SYN/SYN166-1.p					Parser Error	
DTS/Alligator/TPTP-v7.3.0/Problems/SYN/SYN600-1.p					Parser Error	
DTS/Alligator/TPTP-v7.3.0/Problems/SYN/SYN386+1.p					Parser Error"TokenComma"	
DTS/Alligator/TPTP-v7.3.0/Problems/SYN/SYN614-1.p					Parser Error	
DTS/Alligator/TPTP-v7.3.0/Problems/SYN/SYN392+1.p					timeout	
DTS/Alligator/TPTP-v7.3.0/Problems/SYN/SYN172-1.p					Parser Error	
DTS/Alligator/TPTP-v7.3.0/Problems/SYN/SYN199-1.p					Parser Error	
DTS/Alligator/TPTP-v7.3.0/Problems/SYN/SYN379+1.p					Parser Error"TokenComma"	
DTS/Alligator/TPTP-v7.3.0/Problems/SYN/SYN827-1.p					timeout	
DTS/Alligator/TPTP-v7.3.0/Problems/SYN/SYN833-1.p					timeout	
DTS/Alligator/TPTP-v7.3.0/Problems/SYN/SYN423+1.p					Parser Error"TokenComma"	
DTS/Alligator/TPTP-v7.3.0/Problems/SYN/SYN345+1.p					Parser Error"TokenComma"	
DTS/Alligator/TPTP-v7.3.0/Problems/SYN/SYN351+1.p					Parser Error"TokenComma"	
DTS/Alligator/TPTP-v7.3.0/Problems/SYN/SYN437+1.p	False			error in process 		
DTS/Alligator/TPTP-v7.3.0/Problems/SYN/SYN096-1.008.p					Parser Error"TokenComma"	
DTS/Alligator/TPTP-v7.3.0/Problems/SYN/SYN972+1.p					Parser Error"TokenComma"	
DTS/Alligator/TPTP-v7.3.0/Problems/SYN/SYN238-1.p					Parser Error	
DTS/Alligator/TPTP-v7.3.0/Problems/SYN/SYN966+1.p					Parser Error"TokenComma"	
DTS/Alligator/TPTP-v7.3.0/Problems/SYN/SYN576-1.p					Parser Error	
DTS/Alligator/TPTP-v7.3.0/Problems/SYN/SYN210-1.p					Parser Error	
DTS/Alligator/TPTP-v7.3.0/Problems/SYN/SYN204-1.p					Parser Error	
DTS/Alligator/TPTP-v7.3.0/Problems/SYN/SYN562-1.p					Parser Error	
DTS/Alligator/TPTP-v7.3.0/Problems/SYN/SYN589-1.p					Parser Error	
DTS/Alligator/TPTP-v7.3.0/Problems/SYN/SYN748-1.p					Parser Error	
DTS/Alligator/TPTP-v7.3.0/Problems/SYN/SYN012-1.p					Parser Error	
DTS/Alligator/TPTP-v7.3.0/Problems/SYN/SYN774-1.p					Parser Error	
DTS/Alligator/TPTP-v7.3.0/Problems/SYN/SYN760-1.p					Parser Error	
DTS/Alligator/TPTP-v7.3.0/Problems/SYN/SYN006-1.p					Parser Error	
DTS/Alligator/TPTP-v7.3.0/Problems/SYN/SYN543+1.p	False			error in process 		
DTS/Alligator/TPTP-v7.3.0/Problems/SYN/SYN541+1.p					Parser Error"TokenComma"	
DTS/Alligator/TPTP-v7.3.0/Problems/SYN/SYN789-1.p					Parser Error	
DTS/Alligator/TPTP-v7.3.0/Problems/SYN/SYN776-1.p					Parser Error	
DTS/Alligator/TPTP-v7.3.0/Problems/SYN/SYN762-1.p					Parser Error	
DTS/Alligator/TPTP-v7.3.0/Problems/SYN/SYN038-1.p					Parser Error	
DTS/Alligator/TPTP-v7.3.0/Problems/SYN/SYN212-1.p					Parser Error	
DTS/Alligator/TPTP-v7.3.0/Problems/SYN/SYN574-1.p					Parser Error	
DTS/Alligator/TPTP-v7.3.0/Problems/SYN/SYN560-1.p					Parser Error	
DTS/Alligator/TPTP-v7.3.0/Problems/SYN/SYN958+1.p	False			error in process 		
DTS/Alligator/TPTP-v7.3.0/Problems/SYN/SYN206-1.p					Parser Error	
DTS/Alligator/TPTP-v7.3.0/Problems/SYN/SYN970+1.p					Parser Error"TokenComma"	
DTS/Alligator/TPTP-v7.3.0/Problems/SYN/SYN964+1.p	False			error in process 		
DTS/Alligator/TPTP-v7.3.0/Problems/SYN/SYN428-1.p					timeout	
DTS/Alligator/TPTP-v7.3.0/Problems/SYN/SYN819-1.p					timeout	
DTS/Alligator/TPTP-v7.3.0/Problems/SYN/SYN347+1.p					Parser Error"TokenComma"	
DTS/Alligator/TPTP-v7.3.0/Problems/SYN/SYN421+1.p					Parser Error"TokenComma"	
DTS/Alligator/TPTP-v7.3.0/Problems/SYN/SYN100-1.005.p					Parser Error"TokenComma"	
DTS/Alligator/TPTP-v7.3.0/Problems/SYN/SYN435+1.p	False			error in process 		
DTS/Alligator/TPTP-v7.3.0/Problems/SYN/SYN353+1.p					Parser Error"TokenComma"	
DTS/Alligator/TPTP-v7.3.0/Problems/SYN/SYN825-1.p					timeout	
DTS/Alligator/TPTP-v7.3.0/Problems/SYN/SYN409+1.p					Parser Error"TokenComma"	
DTS/Alligator/TPTP-v7.3.0/Problems/SYN/SYN831-1.p					timeout	
DTS/Alligator/TPTP-v7.3.0/Problems/SYN/SYN384+1.p					Parser Error"TokenComma"	
DTS/Alligator/TPTP-v7.3.0/Problems/SYN/SYN602-1.p					Parser Error	
DTS/Alligator/TPTP-v7.3.0/Problems/SYN/SYN164-1.p					Parser Error	
DTS/Alligator/TPTP-v7.3.0/Problems/SYN/SYN170-1.p					Parser Error	
DTS/Alligator/TPTP-v7.3.0/Problems/SYN/SYN390+1.p	True		(p<=>p)	[  u0:T, u1:type, u2:type ] =>(u3:(u4:u1)→u1)×(u5:u1)→u1		
DTS/Alligator/TPTP-v7.3.0/Problems/SYN/SYN616-1.p					Parser Error	
DTS/Alligator/TPTP-v7.3.0/Problems/SYN/SYN004-1.007.p					Parser Error	
DTS/Alligator/TPTP-v7.3.0/Problems/SYN/SYN158-1.p					Parser Error	
DTS/Alligator/TPTP-v7.3.0/Problems/SYN/SYN159-1.p					Parser Error	
DTS/Alligator/TPTP-v7.3.0/Problems/SYN/SYN171-1.p					Parser Error	
DTS/Alligator/TPTP-v7.3.0/Problems/SYN/SYN067-2.p					Parser Error	
DTS/Alligator/TPTP-v7.3.0/Problems/SYN/SYN617-1.p					Parser Error	
DTS/Alligator/TPTP-v7.3.0/Problems/SYN/SYN391+1.p	True		(((p1|p2)&(~p1|p2)&(p1|~p2))=>~(~p1|~p2))	[  u0:T, u1:type, u2:type, u3:type ] =>(u4:(u5:¬(u6:¬u2)×¬u1)×(u7:¬¬(u8:¬u2)×¬u1)×¬(u9:¬u2)×¬¬u1)→¬¬¬(u10:¬u2)×¬¬u1		
DTS/Alligator/TPTP-v7.3.0/Problems/SYN/SYN603-1.p					Parser Error	
DTS/Alligator/TPTP-v7.3.0/Problems/SYN/SYN385+1.p	False			error in process 		
DTS/Alligator/TPTP-v7.3.0/Problems/SYN/SYN165-1.p					Parser Error	
DTS/Alligator/TPTP-v7.3.0/Problems/SYN/SYN408+1.p	False			error in process 		
DTS/Alligator/TPTP-v7.3.0/Problems/SYN/SYN830-1.p					timeout	
DTS/Alligator/TPTP-v7.3.0/Problems/SYN/SYN824-1.p					timeout	
DTS/Alligator/TPTP-v7.3.0/Problems/SYN/SYN434+1.p	False			error in process 		
DTS/Alligator/TPTP-v7.3.0/Problems/SYN/SYN352+1.p					Parser Error"TokenComma"	
DTS/Alligator/TPTP-v7.3.0/Problems/SYN/SYN346+1.p					Parser Error"TokenComma"	
DTS/Alligator/TPTP-v7.3.0/Problems/SYN/SYN818-1.p					timeout	
DTS/Alligator/TPTP-v7.3.0/Problems/SYN/SYN420+1.p					Parser Error"TokenComma"	
DTS/Alligator/TPTP-v7.3.0/Problems/SYN/SYN429-1.p					timeout	
DTS/Alligator/TPTP-v7.3.0/Problems/SYN/SYN965+1.p					Parser Error"TokenComma"	
DTS/Alligator/TPTP-v7.3.0/Problems/SYN/SYN971+1.p	False			error in process 		
DTS/Alligator/TPTP-v7.3.0/Problems/SYN/SYN561-1.p					Parser Error	
DTS/Alligator/TPTP-v7.3.0/Problems/SYN/SYN207-1.p					Parser Error	
DTS/Alligator/TPTP-v7.3.0/Problems/SYN/SYN959+1.p	False			error in process 		
DTS/Alligator/TPTP-v7.3.0/Problems/SYN/SYN213-1.p					Parser Error	
DTS/Alligator/TPTP-v7.3.0/Problems/SYN/SYN575-1.p					Parser Error	
DTS/Alligator/TPTP-v7.3.0/Problems/SYN/SYN039-1.p					Parser Error	
DTS/Alligator/TPTP-v7.3.0/Problems/SYN/SYN763-1.p					Parser Error	
DTS/Alligator/TPTP-v7.3.0/Problems/SYN/SYN777-1.p					Parser Error	
DTS/Alligator/TPTP-v7.3.0/Problems/SYN/SYN011-1.p					Parser Error	
DTS/Alligator/TPTP-v7.3.0/Problems/SYN/SYN788-1.p					Parser Error	
DTS/Alligator/TPTP-v7.3.0/Problems/SYN/SYN540+1.p					Parser Error"TokenComma"	
DTS/Alligator/TPTP-v7.3.0/Problems/SYN/SYN798-1.p					Parser Error	
DTS/Alligator/TPTP-v7.3.0/Problems/SYN/SYN550+1.p					Parser Error"TokenComma"	
DTS/Alligator/TPTP-v7.3.0/Problems/SYN/SYN986+1.003.p					Parser Error"TokenComma"	
DTS/Alligator/TPTP-v7.3.0/Problems/SYN/SYN544+1.p					Parser Error"TokenComma"	
DTS/Alligator/TPTP-v7.3.0/Problems/SYN/SYN029-1.p					Parser Error	
DTS/Alligator/TPTP-v7.3.0/Problems/SYN/SYN015-1.p					Parser Error	
DTS/Alligator/TPTP-v7.3.0/Problems/SYN/SYN773-1.p					Parser Error	
DTS/Alligator/TPTP-v7.3.0/Problems/SYN/SYN767-1.p					Parser Error	
DTS/Alligator/TPTP-v7.3.0/Problems/SYN/SYN975+1.p					Parser Error"TokenComma"	
DTS/Alligator/TPTP-v7.3.0/Problems/SYN/SYN961+1.p					Parser Error"TokenComma"	
DTS/Alligator/TPTP-v7.3.0/Problems/SYN/SYN559-1.p					Parser Error	
DTS/Alligator/TPTP-v7.3.0/Problems/SYN/SYN571-1.p					Parser Error	
DTS/Alligator/TPTP-v7.3.0/Problems/SYN/SYN217-1.p					Parser Error	
DTS/Alligator/TPTP-v7.3.0/Problems/SYN/SYN949+1.p					Parser Error"TokenComma"	
DTS/Alligator/TPTP-v7.3.0/Problems/SYN/SYN203-1.p					Parser Error	
DTS/Alligator/TPTP-v7.3.0/Problems/SYN/SYN565-1.p					Parser Error	
DTS/Alligator/TPTP-v7.3.0/Problems/SYN/SYN036-4.p					Parser Error	
DTS/Alligator/TPTP-v7.3.0/Problems/SYN/SYN439-1.p					Parser Error	
DTS/Alligator/TPTP-v7.3.0/Problems/SYN/SYN418+1.p					Parser Error"TokenComma"	
DTS/Alligator/TPTP-v7.3.0/Problems/SYN/SYN820-1.p					timeout	
DTS/Alligator/TPTP-v7.3.0/Problems/SYN/SYN834-1.p					timeout	
DTS/Alligator/TPTP-v7.3.0/Problems/SYN/SYN424+1.p					Parser Error"TokenComma"	
DTS/Alligator/TPTP-v7.3.0/Problems/SYN/SYN342+1.p					Parser Error"TokenComma"	
DTS/Alligator/TPTP-v7.3.0/Problems/SYN/SYN356+1.p					Parser Error"TokenComma"	
DTS/Alligator/TPTP-v7.3.0/Problems/SYN/SYN808-1.p					Parser Error	
DTS/Alligator/TPTP-v7.3.0/Problems/SYN/SYN430+1.p	False			error in process 		
DTS/Alligator/TPTP-v7.3.0/Problems/SYN/SYN149-1.p					Parser Error	
DTS/Alligator/TPTP-v7.3.0/Problems/SYN/SYN161-1.p					Parser Error	
DTS/Alligator/TPTP-v7.3.0/Problems/SYN/SYN381+1.p					Parser Error"TokenComma"	
DTS/Alligator/TPTP-v7.3.0/Problems/SYN/SYN607-1.p					Parser Error	
DTS/Alligator/TPTP-v7.3.0/Problems/SYN/SYN395+1.p	False			error in process 		
DTS/Alligator/TPTP-v7.3.0/Problems/SYN/SYN613-1.p					Parser Error	
DTS/Alligator/TPTP-v7.3.0/Problems/SYN/SYN063-2.p					Parser Error	
DTS/Alligator/TPTP-v7.3.0/Problems/SYN/SYN175-1.p					Parser Error	
DTS/Alligator/TPTP-v7.3.0/Problems/SYN/SYN612-1.p					Parser Error	
DTS/Alligator/TPTP-v7.3.0/Problems/SYN/SYN394+1.p	False			error in process 		
DTS/Alligator/TPTP-v7.3.0/Problems/SYN/SYN174-1.p					Parser Error	
DTS/Alligator/TPTP-v7.3.0/Problems/SYN/SYN160-1.p					Parser Error	
DTS/Alligator/TPTP-v7.3.0/Problems/SYN/SYN606-1.p					Parser Error	
DTS/Alligator/TPTP-v7.3.0/Problems/SYN/SYN380+1.p					Parser Error"TokenComma"	
DTS/Alligator/TPTP-v7.3.0/Problems/SYN/SYN148-1.p					Parser Error	
DTS/Alligator/TPTP-v7.3.0/Problems/SYN/SYN809-1.p					Parser Error	
DTS/Alligator/TPTP-v7.3.0/Problems/SYN/SYN357+1.p	False			error in process 		
DTS/Alligator/TPTP-v7.3.0/Problems/SYN/SYN193-10.p					Parser Error	
DTS/Alligator/TPTP-v7.3.0/Problems/SYN/SYN431+1.p	False			error in process 		
DTS/Alligator/TPTP-v7.3.0/Problems/SYN/SYN425+1.p					Parser Error"TokenComma"	
DTS/Alligator/TPTP-v7.3.0/Problems/SYN/SYN343+1.p					Parser Error"TokenComma"	
DTS/Alligator/TPTP-v7.3.0/Problems/SYN/SYN835-1.p					timeout	
DTS/Alligator/TPTP-v7.3.0/Problems/SYN/SYN419+1.p					Parser Error"TokenComma"	
DTS/Alligator/TPTP-v7.3.0/Problems/SYN/SYN821-1.p					timeout	
DTS/Alligator/TPTP-v7.3.0/Problems/SYN/SYN438-1.p					Parser Error	
DTS/Alligator/TPTP-v7.3.0/Problems/SYN/SYN202-1.p					Parser Error	
DTS/Alligator/TPTP-v7.3.0/Problems/SYN/SYN564-1.p					Parser Error	
DTS/Alligator/TPTP-v7.3.0/Problems/SYN/SYN570-1.p					Parser Error	
DTS/Alligator/TPTP-v7.3.0/Problems/SYN/SYN948+1.p					Parser Error"TokenComma"	
DTS/Alligator/TPTP-v7.3.0/Problems/SYN/SYN216-1.p					Parser Error	
DTS/Alligator/TPTP-v7.3.0/Problems/SYN/SYN960+1.p					Parser Error"TokenComma"	
DTS/Alligator/TPTP-v7.3.0/Problems/SYN/SYN558-1.p					Parser Error	
DTS/Alligator/TPTP-v7.3.0/Problems/SYN/SYN974+1.p	False			error in process 		
DTS/Alligator/TPTP-v7.3.0/Problems/SYN/SYN766-1.p					Parser Error	
DTS/Alligator/TPTP-v7.3.0/Problems/SYN/SYN014-1.p					Parser Error	
DTS/Alligator/TPTP-v7.3.0/Problems/SYN/SYN772-1.p					Parser Error	
DTS/Alligator/TPTP-v7.3.0/Problems/SYN/SYN982-1.p					Parser Error	
DTS/Alligator/TPTP-v7.3.0/Problems/SYN/SYN028-1.p					Parser Error	
DTS/Alligator/TPTP-v7.3.0/Problems/SYN/SYN545+1.p					Parser Error"TokenComma"	
DTS/Alligator/TPTP-v7.3.0/Problems/SYN/SYN551+1.p					Parser Error"TokenComma"	
DTS/Alligator/TPTP-v7.3.0/Problems/SYN/SYN799-1.p					Parser Error	
DTS/Alligator/TPTP-v7.3.0/Problems/SYN/SYN547+1.p					Parser Error"TokenComma"	
DTS/Alligator/TPTP-v7.3.0/Problems/SYN/SYN758-1.p					Parser Error	
DTS/Alligator/TPTP-v7.3.0/Problems/SYN/SYN764-1.p					Parser Error	
DTS/Alligator/TPTP-v7.3.0/Problems/SYN/SYN770-1.p					Parser Error	
DTS/Alligator/TPTP-v7.3.0/Problems/SYN/SYN599-1.p					Parser Error	
DTS/Alligator/TPTP-v7.3.0/Problems/SYN/SYN962+1.p	False			error in process 		
DTS/Alligator/TPTP-v7.3.0/Problems/SYN/SYN228-1.p					Parser Error	
DTS/Alligator/TPTP-v7.3.0/Problems/SYN/SYN976+1.p	False			error in process 		
DTS/Alligator/TPTP-v7.3.0/Problems/SYN/SYN566-1.p					Parser Error	
DTS/Alligator/TPTP-v7.3.0/Problems/SYN/SYN200-1.p					Parser Error	
DTS/Alligator/TPTP-v7.3.0/Problems/SYN/SYN214-1.p					Parser Error	
DTS/Alligator/TPTP-v7.3.0/Problems/SYN/SYN572-1.p					Parser Error	
DTS/Alligator/TPTP-v7.3.0/Problems/SYN/SYN009-4.p					Parser Error	
DTS/Alligator/TPTP-v7.3.0/Problems/SYN/SYN101-1.002.002.p					Parser Error"TokenPeriod"	
DTS/Alligator/TPTP-v7.3.0/Problems/SYN/SYN348-1.p					Parser Error	
DTS/Alligator/TPTP-v7.3.0/Problems/SYN/SYN189-1.p					Parser Error	
DTS/Alligator/TPTP-v7.3.0/Problems/SYN/SYN369+1.p					Parser Error"TokenComma"	
DTS/Alligator/TPTP-v7.3.0/Problems/SYN/SYN837-1.p					timeout	
DTS/Alligator/TPTP-v7.3.0/Problems/SYN/SYN823-1.p					timeout	
DTS/Alligator/TPTP-v7.3.0/Problems/SYN/SYN433+1.p	False			error in process 		
DTS/Alligator/TPTP-v7.3.0/Problems/SYN/SYN355+1.p	False			error in process 		
DTS/Alligator/TPTP-v7.3.0/Problems/SYN/SYN341+1.p					Parser Error"TokenComma"	
DTS/Alligator/TPTP-v7.3.0/Problems/SYN/SYN427+1.p					Parser Error"TokenComma"	
DTS/Alligator/TPTP-v7.3.0/Problems/SYN/SYN638-1.p					Parser Error	
DTS/Alligator/TPTP-v7.3.0/Problems/SYN/SYN176-1.p					Parser Error	
DTS/Alligator/TPTP-v7.3.0/Problems/SYN/SYN396+1.p	False			error in process 		
DTS/Alligator/TPTP-v7.3.0/Problems/SYN/SYN610-1.p					Parser Error	
DTS/Alligator/TPTP-v7.3.0/Problems/SYN/SYN382+1.p					Parser Error"TokenComma"	
DTS/Alligator/TPTP-v7.3.0/Problems/SYN/SYN604-1.p					Parser Error	
DTS/Alligator/TPTP-v7.3.0/Problems/SYN/SYN162-1.p					Parser Error	
DTS/Alligator/TPTP-v7.3.0/Problems/SYN/SYN605-1.p					Parser Error	
DTS/Alligator/TPTP-v7.3.0/Problems/SYN/SYN383+1.p	False			error in process 		
DTS/Alligator/TPTP-v7.3.0/Problems/SYN/SYN163-1.p					Parser Error	
DTS/Alligator/TPTP-v7.3.0/Problems/SYN/SYN177-1.p					Parser Error	
DTS/Alligator/TPTP-v7.3.0/Problems/SYN/SYN088-1.010.p					Parser Error"TokenComma"	
DTS/Alligator/TPTP-v7.3.0/Problems/SYN/SYN611-1.p					Parser Error	
DTS/Alligator/TPTP-v7.3.0/Problems/SYN/SYN397+1.p	False			error in process 		
DTS/Alligator/TPTP-v7.3.0/Problems/SYN/SYN639-1.p					Parser Error	
DTS/Alligator/TPTP-v7.3.0/Problems/SYN/SYN340+1.p					Parser Error"TokenComma"	
DTS/Alligator/TPTP-v7.3.0/Problems/SYN/SYN426+1.p					Parser Error"TokenComma"	
DTS/Alligator/TPTP-v7.3.0/Problems/SYN/SYN432+1.p	False			error in process 		
DTS/Alligator/TPTP-v7.3.0/Problems/SYN/SYN354+1.p					Parser Error"TokenComma"	
DTS/Alligator/TPTP-v7.3.0/Problems/SYN/SYN822-1.p					timeout	
DTS/Alligator/TPTP-v7.3.0/Problems/SYN/SYN188-1.p					Parser Error	
DTS/Alligator/TPTP-v7.3.0/Problems/SYN/SYN836-1.p					timeout	
DTS/Alligator/TPTP-v7.3.0/Problems/SYN/SYN368+1.p	False			error in process 		
DTS/Alligator/TPTP-v7.3.0/Problems/SYN/SYN349-1.p					Parser Error	
DTS/Alligator/TPTP-v7.3.0/Problems/SYN/SYN215-1.p					Parser Error	
DTS/Alligator/TPTP-v7.3.0/Problems/SYN/SYN573-1.p					Parser Error	
DTS/Alligator/TPTP-v7.3.0/Problems/SYN/SYN567-1.p					Parser Error	
DTS/Alligator/TPTP-v7.3.0/Problems/SYN/SYN201-1.p					Parser Error	
DTS/Alligator/TPTP-v7.3.0/Problems/SYN/SYN977+1.p					timeout	
DTS/Alligator/TPTP-v7.3.0/Problems/SYN/SYN229-1.p					Parser Error	
DTS/Alligator/TPTP-v7.3.0/Problems/SYN/SYN097-1.002.p					Parser Error"TokenComma"	
DTS/Alligator/TPTP-v7.3.0/Problems/SYN/SYN963+1.p	False			error in process 		
DTS/Alligator/TPTP-v7.3.0/Problems/SYN/SYN036+1.p	False			error in process 		
DTS/Alligator/TPTP-v7.3.0/Problems/SYN/SYN598-1.p					Parser Error	
DTS/Alligator/TPTP-v7.3.0/Problems/SYN/SYN771-1.p					Parser Error	
DTS/Alligator/TPTP-v7.3.0/Problems/SYN/SYN765-1.p					Parser Error	
DTS/Alligator/TPTP-v7.3.0/Problems/SYN/SYN759-1.p					Parser Error	
DTS/Alligator/TPTP-v7.3.0/Problems/SYN/SYN094-1.005.p					Parser Error"TokenComma"	
DTS/Alligator/TPTP-v7.3.0/Problems/SYN/SYN546+1.p					Parser Error"TokenComma"	
DTS/Alligator/TPTP-v7.3.0/Problems/SYN/SYN521+1.p					Parser Error"TokenComma"	
DTS/Alligator/TPTP-v7.3.0/Problems/SYN/SYN535+1.p					Parser Error"TokenComma"	
DTS/Alligator/TPTP-v7.3.0/Problems/SYN/SYN509+1.p	False			error in process 		
DTS/Alligator/TPTP-v7.3.0/Problems/SYN/SYN064-1.p					Parser Error	
DTS/Alligator/TPTP-v7.3.0/Problems/SYN/SYN702-1.p					Parser Error	
DTS/Alligator/TPTP-v7.3.0/Problems/SYN/SYN716-1.p					Parser Error	
DTS/Alligator/TPTP-v7.3.0/Problems/SYN/SYN070-1.p					Parser Error	
DTS/Alligator/TPTP-v7.3.0/Problems/SYN/SYN058-1.p					Parser Error	
DTS/Alligator/TPTP-v7.3.0/Problems/SYN/SYN005-1.010.p					Parser Error	
DTS/Alligator/TPTP-v7.3.0/Problems/SYN/SYN045+1.p	True		((p|(q&r))<=>((p|q)&(p|r)))	[  u0:T, u1:type, u2:type, u3:type, u4:type ] =>(u5:(u6:¬(u7:¬u3)×¬(u8:u2)×u1)→(u9:¬(u10:¬u3)×¬u2)×¬(u11:¬u3)×¬u1)×(u12:(u13:¬(u14:¬u3)×¬u2)×¬(u15:¬u3)×¬u1)→¬(u16:¬u3)×¬(u17:u2)×u1		
DTS/Alligator/TPTP-v7.3.0/Problems/SYN/SYN723+1.p	False			error in process 		
DTS/Alligator/TPTP-v7.3.0/Problems/SYN/SYN051+1.p	False			error in process error in process error in process 		
DTS/Alligator/TPTP-v7.3.0/Problems/SYN/SYN079+1.p					Parser Error"TokenComma"	
DTS/Alligator/TPTP-v7.3.0/Problems/SYN/SYN299-1.p					Parser Error	
DTS/Alligator/TPTP-v7.3.0/Problems/SYN/SYN500-1.p					Parser Error	
DTS/Alligator/TPTP-v7.3.0/Problems/SYN/SYN938+1.p					Parser Error"TokenComma"	
DTS/Alligator/TPTP-v7.3.0/Problems/SYN/SYN266-1.p					Parser Error	
DTS/Alligator/TPTP-v7.3.0/Problems/SYN/SYN272-1.p					Parser Error	
DTS/Alligator/TPTP-v7.3.0/Problems/SYN/SYN514-1.p					Parser Error	
DTS/Alligator/TPTP-v7.3.0/Problems/SYN/SYN528-1.p					Parser Error	
DTS/Alligator/TPTP-v7.3.0/Problems/SYN/SYN474-1.p					Parser Error	
DTS/Alligator/TPTP-v7.3.0/Problems/SYN/SYN312-1.p					Parser Error	
DTS/Alligator/TPTP-v7.3.0/Problems/SYN/SYN306-1.p					Parser Error	
DTS/Alligator/TPTP-v7.3.0/Problems/SYN/SYN460-1.p					Parser Error	
DTS/Alligator/TPTP-v7.3.0/Problems/SYN/SYN448-1.p					Parser Error	
DTS/Alligator/TPTP-v7.3.0/Problems/SYN/SYN455+1.p	False			error in process 		
DTS/Alligator/TPTP-v7.3.0/Problems/SYN/SYN333+1.p					Parser Error"TokenComma"	
DTS/Alligator/TPTP-v7.3.0/Problems/SYN/SYN879-1.p					timeout	
DTS/Alligator/TPTP-v7.3.0/Problems/SYN/SYN327+1.p					Parser Error"TokenComma"	
DTS/Alligator/TPTP-v7.3.0/Problems/SYN/SYN441+1.p	False			error in process 		
DTS/Alligator/TPTP-v7.3.0/Problems/SYN/SYN469+1.p	False			error in process 		
DTS/Alligator/TPTP-v7.3.0/Problems/SYN/SYN689-1.p					Parser Error	
DTS/Alligator/TPTP-v7.3.0/Problems/SYN/SYN851-1.p					timeout	
DTS/Alligator/TPTP-v7.3.0/Problems/SYN/SYN845-1.p					timeout	
DTS/Alligator/TPTP-v7.3.0/Problems/SYN/SYN110-1.p					Parser Error	
DTS/Alligator/TPTP-v7.3.0/Problems/SYN/SYN496+1.p	False			error in process 		
DTS/Alligator/TPTP-v7.3.0/Problems/SYN/SYN676-1.p					Parser Error	
DTS/Alligator/TPTP-v7.3.0/Problems/SYN/SYN662-1.p					Parser Error	
DTS/Alligator/TPTP-v7.3.0/Problems/SYN/SYN104-1.p					Parser Error	
DTS/Alligator/TPTP-v7.3.0/Problems/SYN/SYN482+1.p	False			error in process 		
DTS/Alligator/TPTP-v7.3.0/Problems/SYN/SYN892-1.p					timeout	
DTS/Alligator/TPTP-v7.3.0/Problems/SYN/SYN886-1.p					timeout	
DTS/Alligator/TPTP-v7.3.0/Problems/SYN/SYN138-1.p					Parser Error	
DTS/Alligator/TPTP-v7.3.0/Problems/SYN/SYN887-1.p					timeout	
DTS/Alligator/TPTP-v7.3.0/Problems/SYN/SYN139-1.p					Parser Error	
DTS/Alligator/TPTP-v7.3.0/Problems/SYN/SYN893-1.p					timeout	
DTS/Alligator/TPTP-v7.3.0/Problems/SYN/SYN663-1.p					Parser Error	
DTS/Alligator/TPTP-v7.3.0/Problems/SYN/SYN483+1.p	False			error in process 		
DTS/Alligator/TPTP-v7.3.0/Problems/SYN/SYN105-1.p					Parser Error	
DTS/Alligator/TPTP-v7.3.0/Problems/SYN/SYN497+1.p	False			error in process 		
DTS/Alligator/TPTP-v7.3.0/Problems/SYN/SYN111-1.p					Parser Error	
DTS/Alligator/TPTP-v7.3.0/Problems/SYN/SYN677-1.p					Parser Error	
DTS/Alligator/TPTP-v7.3.0/Problems/SYN/SYN844-1.p					timeout	
DTS/Alligator/TPTP-v7.3.0/Problems/SYN/SYN468+1.p	False			error in process 		
DTS/Alligator/TPTP-v7.3.0/Problems/SYN/SYN850-1.p					timeout	
DTS/Alligator/TPTP-v7.3.0/Problems/SYN/SYN688-1.p					Parser Error	
DTS/Alligator/TPTP-v7.3.0/Problems/SYN/SYN326+1.p					Parser Error"TokenComma"	
DTS/Alligator/TPTP-v7.3.0/Problems/SYN/SYN878-1.p					timeout	
DTS/Alligator/TPTP-v7.3.0/Problems/SYN/SYN440+1.p	False			error in process 		
DTS/Alligator/TPTP-v7.3.0/Problems/SYN/SYN454+1.p	False			error in process 		
DTS/Alligator/TPTP-v7.3.0/Problems/SYN/SYN332+1.p					Parser Error"TokenComma"	
DTS/Alligator/TPTP-v7.3.0/Problems/SYN/SYN449-1.p					Parser Error	
DTS/Alligator/TPTP-v7.3.0/Problems/SYN/SYN307-1.p					Parser Error	
DTS/Alligator/TPTP-v7.3.0/Problems/SYN/SYN461-1.p					Parser Error	
DTS/Alligator/TPTP-v7.3.0/Problems/SYN/SYN475-1.p					Parser Error	
DTS/Alligator/TPTP-v7.3.0/Problems/SYN/SYN529-1.p					Parser Error	
DTS/Alligator/TPTP-v7.3.0/Problems/SYN/SYN003-1.006.p					Parser Error	
DTS/Alligator/TPTP-v7.3.0/Problems/SYN/SYN273-1.p					Parser Error	
DTS/Alligator/TPTP-v7.3.0/Problems/SYN/SYN515-1.p					Parser Error	
DTS/Alligator/TPTP-v7.3.0/Problems/SYN/SYN501-1.p					Parser Error	
DTS/Alligator/TPTP-v7.3.0/Problems/SYN/SYN267-1.p					Parser Error	
DTS/Alligator/TPTP-v7.3.0/Problems/SYN/SYN939+1.p					Parser Error"TokenComma"	
DTS/Alligator/TPTP-v7.3.0/Problems/SYN/SYN078+1.p	False			error in process 		
DTS/Alligator/TPTP-v7.3.0/Problems/SYN/SYN298-1.p					Parser Error	
DTS/Alligator/TPTP-v7.3.0/Problems/SYN/SYN050+1.p					Parser Error"TokenComma"	
DTS/Alligator/TPTP-v7.3.0/Problems/SYN/SYN044+1.p					timeout	
DTS/Alligator/TPTP-v7.3.0/Problems/SYN/SYN722+1.p	False			error in process 		
DTS/Alligator/TPTP-v7.3.0/Problems/SYN/SYN059-1.p					Parser Error	
DTS/Alligator/TPTP-v7.3.0/Problems/SYN/SYN717-1.p					Parser Error	
DTS/Alligator/TPTP-v7.3.0/Problems/SYN/SYN071-1.p					Parser Error	
DTS/Alligator/TPTP-v7.3.0/Problems/SYN/SYN065-1.p					Parser Error	
DTS/Alligator/TPTP-v7.3.0/Problems/SYN/SYN703-1.p					Parser Error	
DTS/Alligator/TPTP-v7.3.0/Problems/SYN/SYN508+1.p	False			error in process 		
DTS/Alligator/TPTP-v7.3.0/Problems/SYN/SYN313-1.001.002.p					Parser Error"TokenPeriod"	
DTS/Alligator/TPTP-v7.3.0/Problems/SYN/SYN534+1.p					Parser Error"TokenComma"	
DTS/Alligator/TPTP-v7.3.0/Problems/SYN/SYN520+1.p					Parser Error"TokenComma"	
DTS/Alligator/TPTP-v7.3.0/Problems/SYN/SYN536+1.p					Parser Error"TokenComma"	
DTS/Alligator/TPTP-v7.3.0/Problems/SYN/SYN522+1.p					Parser Error"TokenComma"	
DTS/Alligator/TPTP-v7.3.0/Problems/SYN/SYN073-1.p					Parser Error	
DTS/Alligator/TPTP-v7.3.0/Problems/SYN/SYN715-1.p					Parser Error	
DTS/Alligator/TPTP-v7.3.0/Problems/SYN/SYN701-1.p					Parser Error	
DTS/Alligator/TPTP-v7.3.0/Problems/SYN/SYN067-1.p					Parser Error	
DTS/Alligator/TPTP-v7.3.0/Problems/SYN/SYN729-1.p					Parser Error	
DTS/Alligator/TPTP-v7.3.0/Problems/SYN/SYN052+1.p	False			error in process 		
DTS/Alligator/TPTP-v7.3.0/Problems/SYN/SYN046+1.p	False		((p=>q)<=>(~p|q))	[  u0:T, u1:type, u2:type, u3:type ] =>(u4:(u5:(u6:u2)→u1)→¬¬(u7:¬u2)×¬u1)×(u8:¬¬(u9:¬u2)×¬u1)→(u10:u2)→u1		
DTS/Alligator/TPTP-v7.3.0/Problems/SYN/SYN517-1.p					Parser Error	
DTS/Alligator/TPTP-v7.3.0/Problems/SYN/SYN271-1.p					Parser Error	
DTS/Alligator/TPTP-v7.3.0/Problems/SYN/SYN265-1.p					Parser Error	
DTS/Alligator/TPTP-v7.3.0/Problems/SYN/SYN503-1.p					Parser Error	
DTS/Alligator/TPTP-v7.3.0/Problems/SYN/SYN259-1.p					Parser Error	
DTS/Alligator/TPTP-v7.3.0/Problems/SYN/SYN488-1.p					Parser Error	
DTS/Alligator/TPTP-v7.3.0/Problems/SYN/SYN463-1.p					Parser Error	
DTS/Alligator/TPTP-v7.3.0/Problems/SYN/SYN305-1.p					Parser Error	
DTS/Alligator/TPTP-v7.3.0/Problems/SYN/SYN311-1.p					Parser Error	
DTS/Alligator/TPTP-v7.3.0/Problems/SYN/SYN477-1.p					Parser Error	
DTS/Alligator/TPTP-v7.3.0/Problems/SYN/SYN091-1.003.p					Parser Error"TokenComma"	
DTS/Alligator/TPTP-v7.3.0/Problems/SYN/SYN339-1.p					Parser Error	
DTS/Alligator/TPTP-v7.3.0/Problems/SYN/SYN442+1.p	False			error in process 		
DTS/Alligator/TPTP-v7.3.0/Problems/SYN/SYN324+1.p					Parser Error"TokenComma"	
DTS/Alligator/TPTP-v7.3.0/Problems/SYN/SYN330+1.p					Parser Error"TokenComma"	
DTS/Alligator/TPTP-v7.3.0/Problems/SYN/SYN456+1.p	False			error in process 		
DTS/Alligator/TPTP-v7.3.0/Problems/SYN/SYN846-1.p					timeout	
DTS/Alligator/TPTP-v7.3.0/Problems/SYN/SYN318+1.p	False			error in process 		
DTS/Alligator/TPTP-v7.3.0/Problems/SYN/SYN852-1.p					timeout	
DTS/Alligator/TPTP-v7.3.0/Problems/SYN/SYN107-1.p					Parser Error	
DTS/Alligator/TPTP-v7.3.0/Problems/SYN/SYN481+1.p	False			error in process 		
DTS/Alligator/TPTP-v7.3.0/Problems/SYN/SYN661-1.p					Parser Error	
DTS/Alligator/TPTP-v7.3.0/Problems/SYN/SYN675-1.p					Parser Error	
DTS/Alligator/TPTP-v7.3.0/Problems/SYN/SYN113-1.p					Parser Error	
DTS/Alligator/TPTP-v7.3.0/Problems/SYN/SYN495+1.p	False			error in process 		
DTS/Alligator/TPTP-v7.3.0/Problems/SYN/SYN885-1.p					timeout	
DTS/Alligator/TPTP-v7.3.0/Problems/SYN/SYN891-1.p					timeout	
DTS/Alligator/TPTP-v7.3.0/Problems/SYN/SYN649-1.p					Parser Error	
DTS/Alligator/TPTP-v7.3.0/Problems/SYN/SYN648-1.p					Parser Error	
DTS/Alligator/TPTP-v7.3.0/Problems/SYN/SYN890-1.p					timeout	
DTS/Alligator/TPTP-v7.3.0/Problems/SYN/SYN884-1.p					timeout	
DTS/Alligator/TPTP-v7.3.0/Problems/SYN/SYN674-1.p					Parser Error	
DTS/Alligator/TPTP-v7.3.0/Problems/SYN/SYN494+1.p	False			error in process 		
DTS/Alligator/TPTP-v7.3.0/Problems/SYN/SYN112-1.p					Parser Error	
DTS/Alligator/TPTP-v7.3.0/Problems/SYN/SYN480+1.p	False			error in process 		
DTS/Alligator/TPTP-v7.3.0/Problems/SYN/SYN106-1.p					Parser Error	
DTS/Alligator/TPTP-v7.3.0/Problems/SYN/SYN660-1.p					Parser Error	
DTS/Alligator/TPTP-v7.3.0/Problems/SYN/SYN853-1.p					timeout	
DTS/Alligator/TPTP-v7.3.0/Problems/SYN/SYN095-1.002.p					Parser Error"TokenComma"	
DTS/Alligator/TPTP-v7.3.0/Problems/SYN/SYN319+1.p					Parser Error"TokenComma"	
DTS/Alligator/TPTP-v7.3.0/Problems/SYN/SYN847-1.p					timeout	
DTS/Alligator/TPTP-v7.3.0/Problems/SYN/SYN331+1.p					Parser Error"TokenComma"	
DTS/Alligator/TPTP-v7.3.0/Problems/SYN/SYN457+1.p	False			error in process 		
DTS/Alligator/TPTP-v7.3.0/Problems/SYN/SYN443+1.p	False			error in process 		
DTS/Alligator/TPTP-v7.3.0/Problems/SYN/SYN325+1.p					Parser Error"TokenComma"	
DTS/Alligator/TPTP-v7.3.0/Problems/SYN/SYN337-10.p					Parser Error	
DTS/Alligator/TPTP-v7.3.0/Problems/SYN/SYN338-1.p					Parser Error	
DTS/Alligator/TPTP-v7.3.0/Problems/SYN/SYN310-1.p					Parser Error	
DTS/Alligator/TPTP-v7.3.0/Problems/SYN/SYN476-1.p					Parser Error	
DTS/Alligator/TPTP-v7.3.0/Problems/SYN/SYN462-1.p					Parser Error	
DTS/Alligator/TPTP-v7.3.0/Problems/SYN/SYN304-1.p					Parser Error	
DTS/Alligator/TPTP-v7.3.0/Problems/SYN/SYN489-1.p					Parser Error	
DTS/Alligator/TPTP-v7.3.0/Problems/SYN/SYN258-1.p					Parser Error	
DTS/Alligator/TPTP-v7.3.0/Problems/SYN/SYN264-1.p					Parser Error	
DTS/Alligator/TPTP-v7.3.0/Problems/SYN/SYN502-1.p					Parser Error	
DTS/Alligator/TPTP-v7.3.0/Problems/SYN/SYN084+1.p	False			error in process 		
DTS/Alligator/TPTP-v7.3.0/Problems/SYN/SYN516-1.p					Parser Error	
DTS/Alligator/TPTP-v7.3.0/Problems/SYN/SYN270-1.p					Parser Error	
DTS/Alligator/TPTP-v7.3.0/Problems/SYN/SYN721+1.p					Parser Error"TokenComma"	
DTS/Alligator/TPTP-v7.3.0/Problems/SYN/SYN047+1.p	False		(((p&(q=>r))=>s)<=>((~p|q|s)&(~p|~r|s)))	[  u0:T, u1:type, u2:type, u3:type, u4:type, u5:type ] =>(u6:(u7:(u8:(u9:u4)×(u10:u3)→u2)→u1)→(u11:¬¬(u12:¬u4)×¬¬(u13:¬u3)×¬u1)×¬¬(u14:¬u4)×¬¬¬(u15:¬u2)×¬u1)×(u16:(u17:¬¬(u18:¬u4)×¬¬(u19:¬u3)×¬u1)×¬¬(u20:¬u4)×¬¬¬(u21:¬u2)×¬u1)→(u22:(u23:u4)×(u24:u3)→u2)→u1		
DTS/Alligator/TPTP-v7.3.0/Problems/SYN/SYN053+1.p	False			error in process 		
DTS/Alligator/TPTP-v7.3.0/Problems/SYN/SYN728-1.p					Parser Error	
DTS/Alligator/TPTP-v7.3.0/Problems/SYN/SYN700-1.p					Parser Error	
DTS/Alligator/TPTP-v7.3.0/Problems/SYN/SYN066-1.p					Parser Error	
DTS/Alligator/TPTP-v7.3.0/Problems/SYN/SYN072-1.p					Parser Error	
DTS/Alligator/TPTP-v7.3.0/Problems/SYN/SYN714-1.p					Parser Error	
DTS/Alligator/TPTP-v7.3.0/Problems/SYN/SYN523+1.p					Parser Error"TokenComma"	
DTS/Alligator/TPTP-v7.3.0/Problems/SYN/SYN537+1.p					Parser Error"TokenComma"	
DTS/Alligator/TPTP-v7.3.0/Problems/SYN/SYN001-1.005.p					Parser Error	
DTS/Alligator/TPTP-v7.3.0/Problems/SYN/SYN009-3.p					Parser Error	
DTS/Alligator/TPTP-v7.3.0/Problems/SYN/SYN533+1.p					Parser Error"TokenComma"	
DTS/Alligator/TPTP-v7.3.0/Problems/SYN/SYN527+1.p					Parser Error"TokenComma"	
DTS/Alligator/TPTP-v7.3.0/Problems/SYN/SYN738-1.p					Parser Error	
DTS/Alligator/TPTP-v7.3.0/Problems/SYN/SYN710-1.p					Parser Error	
DTS/Alligator/TPTP-v7.3.0/Problems/SYN/SYN076-1.p					Parser Error	
DTS/Alligator/TPTP-v7.3.0/Problems/SYN/SYN062-1.p					Parser Error	
DTS/Alligator/TPTP-v7.3.0/Problems/SYN/SYN704-1.p					Parser Error	
DTS/Alligator/TPTP-v7.3.0/Problems/SYN/SYN731+1.p					Parser Error"TokenComma"	
DTS/Alligator/TPTP-v7.3.0/Problems/SYN/SYN057+1.p	False			error in process error in process error in process error in process error in process 		
DTS/Alligator/TPTP-v7.3.0/Problems/SYN/SYN007+1.014.p					timeout	
DTS/Alligator/TPTP-v7.3.0/Problems/SYN/SYN725+1.p	False			error in process 		
DTS/Alligator/TPTP-v7.3.0/Problems/SYN/SYN248-1.p					Parser Error	
DTS/Alligator/TPTP-v7.3.0/Problems/SYN/SYN916+1.p	False		($false)	[  u0:T, u1:type, u2:type ] =>⊥		
DTS/Alligator/TPTP-v7.3.0/Problems/SYN/SYN274-1.p					Parser Error	
DTS/Alligator/TPTP-v7.3.0/Problems/SYN/SYN512-1.p					Parser Error	
DTS/Alligator/TPTP-v7.3.0/Problems/SYN/SYN080+1.p					Parser Error"TokenComma"	
DTS/Alligator/TPTP-v7.3.0/Problems/SYN/SYN506-1.p					Parser Error	
DTS/Alligator/TPTP-v7.3.0/Problems/SYN/SYN260-1.p					Parser Error	
DTS/Alligator/TPTP-v7.3.0/Problems/SYN/SYN499-1.p					Parser Error	
DTS/Alligator/TPTP-v7.3.0/Problems/SYN/SYN328-1.p					Parser Error	
DTS/Alligator/TPTP-v7.3.0/Problems/SYN/SYN300-1.p					Parser Error	
DTS/Alligator/TPTP-v7.3.0/Problems/SYN/SYN466-1.p					Parser Error	
DTS/Alligator/TPTP-v7.3.0/Problems/SYN/SYN472-1.p					Parser Error	
DTS/Alligator/TPTP-v7.3.0/Problems/SYN/SYN843-1.p					timeout	
DTS/Alligator/TPTP-v7.3.0/Problems/SYN/SYN857-1.p					timeout	
DTS/Alligator/TPTP-v7.3.0/Problems/SYN/SYN321+1.p					Parser Error"TokenComma"	
DTS/Alligator/TPTP-v7.3.0/Problems/SYN/SYN447+1.p	False			error in process 		
DTS/Alligator/TPTP-v7.3.0/Problems/SYN/SYN453+1.p	False			error in process 		
DTS/Alligator/TPTP-v7.3.0/Problems/SYN/SYN335+1.p					Parser Error"TokenComma"	
DTS/Alligator/TPTP-v7.3.0/Problems/SYN/SYN880-1.p					timeout	
DTS/Alligator/TPTP-v7.3.0/Problems/SYN/SYN658-1.p					Parser Error	
DTS/Alligator/TPTP-v7.3.0/Problems/SYN/SYN894-1.p					timeout	
DTS/Alligator/TPTP-v7.3.0/Problems/SYN/SYN664-1.p					Parser Error	
DTS/Alligator/TPTP-v7.3.0/Problems/SYN/SYN014-2.p					Parser Error	
DTS/Alligator/TPTP-v7.3.0/Problems/SYN/SYN484+1.p	False			error in process 		
DTS/Alligator/TPTP-v7.3.0/Problems/SYN/SYN116-1.p					Parser Error	
DTS/Alligator/TPTP-v7.3.0/Problems/SYN/SYN490+1.p	False			error in process 		
DTS/Alligator/TPTP-v7.3.0/Problems/SYN/SYN670-1.p					Parser Error	
DTS/Alligator/TPTP-v7.3.0/Problems/SYN/SYN491+1.p	False			error in process 		
DTS/Alligator/TPTP-v7.3.0/Problems/SYN/SYN117-1.p					Parser Error	
DTS/Alligator/TPTP-v7.3.0/Problems/SYN/SYN671-1.p					Parser Error	
DTS/Alligator/TPTP-v7.3.0/Problems/SYN/SYN665-1.p					Parser Error	
DTS/Alligator/TPTP-v7.3.0/Problems/SYN/SYN485+1.p	False			error in process 		
DTS/Alligator/TPTP-v7.3.0/Problems/SYN/SYN103-1.p					Parser Error	
DTS/Alligator/TPTP-v7.3.0/Problems/SYN/SYN015-2.p					Parser Error	
DTS/Alligator/TPTP-v7.3.0/Problems/SYN/SYN895-1.p					timeout	
DTS/Alligator/TPTP-v7.3.0/Problems/SYN/SYN659-1.p					Parser Error	
DTS/Alligator/TPTP-v7.3.0/Problems/SYN/SYN881-1.p					timeout	
DTS/Alligator/TPTP-v7.3.0/Problems/SYN/SYN452+1.p	False			error in process 		
DTS/Alligator/TPTP-v7.3.0/Problems/SYN/SYN302-1.003.p					Parser Error	
DTS/Alligator/TPTP-v7.3.0/Problems/SYN/SYN334+1.p					Parser Error"TokenComma"	
DTS/Alligator/TPTP-v7.3.0/Problems/SYN/SYN320+1.p					Parser Error"TokenComma"	
DTS/Alligator/TPTP-v7.3.0/Problems/SYN/SYN986+1.000.p					Parser Error"TokenComma"	
DTS/Alligator/TPTP-v7.3.0/Problems/SYN/SYN446+1.p	False			error in process 		
DTS/Alligator/TPTP-v7.3.0/Problems/SYN/SYN856-1.p					timeout	
DTS/Alligator/TPTP-v7.3.0/Problems/SYN/SYN842-1.p					timeout	
DTS/Alligator/TPTP-v7.3.0/Problems/SYN/SYN473-1.p					Parser Error	
DTS/Alligator/TPTP-v7.3.0/Problems/SYN/SYN315-1.p					Parser Error	
DTS/Alligator/TPTP-v7.3.0/Problems/SYN/SYN301-1.p					Parser Error	
DTS/Alligator/TPTP-v7.3.0/Problems/SYN/SYN467-1.p					Parser Error	
DTS/Alligator/TPTP-v7.3.0/Problems/SYN/SYN329-1.p					Parser Error	
DTS/Alligator/TPTP-v7.3.0/Problems/SYN/SYN498-1.p					Parser Error	
DTS/Alligator/TPTP-v7.3.0/Problems/SYN/SYN507-1.p					Parser Error	
DTS/Alligator/TPTP-v7.3.0/Problems/SYN/SYN081+1.p	False			error in process error in process 		
DTS/Alligator/TPTP-v7.3.0/Problems/SYN/SYN261-1.p					Parser Error	
DTS/Alligator/TPTP-v7.3.0/Problems/SYN/SYN275-1.p					Parser Error	
DTS/Alligator/TPTP-v7.3.0/Problems/SYN/SYN513-1.p					Parser Error	
DTS/Alligator/TPTP-v7.3.0/Problems/SYN/SYN917+1.p					Parser Error"TokenComma"	
DTS/Alligator/TPTP-v7.3.0/Problems/SYN/SYN249-1.p					Parser Error	
DTS/Alligator/TPTP-v7.3.0/Problems/SYN/SYN724+1.p	False			error in process 		
DTS/Alligator/TPTP-v7.3.0/Problems/SYN/SYN730+1.p					Parser Error"TokenComma"	
DTS/Alligator/TPTP-v7.3.0/Problems/SYN/SYN056+1.p					Parser Error"TokenComma"	
DTS/Alligator/TPTP-v7.3.0/Problems/SYN/SYN063-1.p					Parser Error	
DTS/Alligator/TPTP-v7.3.0/Problems/SYN/SYN705-1.p					Parser Error	
DTS/Alligator/TPTP-v7.3.0/Problems/SYN/SYN711-1.p					Parser Error	
DTS/Alligator/TPTP-v7.3.0/Problems/SYN/SYN077-1.p					Parser Error	
DTS/Alligator/TPTP-v7.3.0/Problems/SYN/SYN739-1.p					Parser Error	
DTS/Alligator/TPTP-v7.3.0/Problems/SYN/SYN010-1.005.005.p					Parser Error"TokenPeriod"	
DTS/Alligator/TPTP-v7.3.0/Problems/SYN/SYN526+1.p					Parser Error"TokenComma"	
DTS/Alligator/TPTP-v7.3.0/Problems/SYN/SYN532+1.p					Parser Error"TokenComma"	
DTS/Alligator/TPTP-v7.3.0/Problems/SYN/SYN518+1.p					Parser Error"TokenComma"	
DTS/Alligator/TPTP-v7.3.0/Problems/SYN/SYN036-3.p					Parser Error	
DTS/Alligator/TPTP-v7.3.0/Problems/SYN/SYN524+1.p					Parser Error"TokenComma"	
DTS/Alligator/TPTP-v7.3.0/Problems/SYN/SYN530+1.p					Parser Error"TokenComma"	
DTS/Alligator/TPTP-v7.3.0/Problems/SYN/SYN908-1.p					timeout	
DTS/Alligator/TPTP-v7.3.0/Problems/SYN/SYN049-1.p					Parser Error	
DTS/Alligator/TPTP-v7.3.0/Problems/SYN/SYN707-1.p					Parser Error	
DTS/Alligator/TPTP-v7.3.0/Problems/SYN/SYN061-1.p					Parser Error	
DTS/Alligator/TPTP-v7.3.0/Problems/SYN/SYN075-1.p					Parser Error	
DTS/Alligator/TPTP-v7.3.0/Problems/SYN/SYN713-1.p					Parser Error	
DTS/Alligator/TPTP-v7.3.0/Problems/SYN/SYN068+1.p					Parser Error"TokenComma"	
DTS/Alligator/TPTP-v7.3.0/Problems/SYN/SYN288-1.p					Parser Error	
DTS/Alligator/TPTP-v7.3.0/Problems/SYN/SYN726+1.p					Parser Error"TokenComma"	
DTS/Alligator/TPTP-v7.3.0/Problems/SYN/SYN040+1.p	False		((p=>q)<=>(~q=>~p))	[  u0:T, u1:type, u2:type, u3:type ] =>(u4:(u5:(u6:u2)→u1)→¬(u7:u1)→¬u2)×(u8:¬(u9:u1)→¬u2)→(u10:u2)→u1		
DTS/Alligator/TPTP-v7.3.0/Problems/SYN/SYN054+1.p	False			error in process error in process error in process error in process error in process 		
DTS/Alligator/TPTP-v7.3.0/Problems/SYN/SYN732+1.p					Parser Error"TokenComma"	
DTS/Alligator/TPTP-v7.3.0/Problems/SYN/SYN099-1.003.p					Parser Error"TokenComma"	
DTS/Alligator/TPTP-v7.3.0/Problems/SYN/SYN539-1.p					Parser Error	
DTS/Alligator/TPTP-v7.3.0/Problems/SYN/SYN915+1.p	True		($true)	[  u0:T, u1:type, u2:type ] =>T		
DTS/Alligator/TPTP-v7.3.0/Problems/SYN/SYN263-1.p					Parser Error	
DTS/Alligator/TPTP-v7.3.0/Problems/SYN/SYN083+1.p					Parser Error"TokenComma"	
DTS/Alligator/TPTP-v7.3.0/Problems/SYN/SYN505-1.p					Parser Error	
DTS/Alligator/TPTP-v7.3.0/Problems/SYN/SYN511-1.p					Parser Error	
DTS/Alligator/TPTP-v7.3.0/Problems/SYN/SYN277-1.p					Parser Error	
DTS/Alligator/TPTP-v7.3.0/Problems/SYN/SYN929+1.p	False			error in process 		
DTS/Alligator/TPTP-v7.3.0/Problems/SYN/SYN986+1.004.p					Parser Error"TokenComma"	
DTS/Alligator/TPTP-v7.3.0/Problems/SYN/SYN036+2.p	False			error in process 		
DTS/Alligator/TPTP-v7.3.0/Problems/SYN/SYN459-1.p					Parser Error	
DTS/Alligator/TPTP-v7.3.0/Problems/SYN/SYN317-1.p					Parser Error	
DTS/Alligator/TPTP-v7.3.0/Problems/SYN/SYN471-1.p					Parser Error	
DTS/Alligator/TPTP-v7.3.0/Problems/SYN/SYN465-1.p					Parser Error	
DTS/Alligator/TPTP-v7.3.0/Problems/SYN/SYN303-1.p					Parser Error	
DTS/Alligator/TPTP-v7.3.0/Problems/SYN/SYN854-1.p					timeout	
DTS/Alligator/TPTP-v7.3.0/Problems/SYN/SYN478+1.p	False			error in process 		
DTS/Alligator/TPTP-v7.3.0/Problems/SYN/SYN698-1.p					Parser Error	
DTS/Alligator/TPTP-v7.3.0/Problems/SYN/SYN840-1.p					timeout	
DTS/Alligator/TPTP-v7.3.0/Problems/SYN/SYN336+1.p					Parser Error"TokenComma"	
DTS/Alligator/TPTP-v7.3.0/Problems/SYN/SYN868-1.p					Parser Error	
DTS/Alligator/TPTP-v7.3.0/Problems/SYN/SYN450+1.p	False			error in process 		
DTS/Alligator/TPTP-v7.3.0/Problems/SYN/SYN444+1.p	False			error in process 		
DTS/Alligator/TPTP-v7.3.0/Problems/SYN/SYN322+1.p					Parser Error"TokenComma"	
DTS/Alligator/TPTP-v7.3.0/Problems/SYN/SYN897-1.p					timeout	
DTS/Alligator/TPTP-v7.3.0/Problems/SYN/SYN129-1.p					Parser Error	
DTS/Alligator/TPTP-v7.3.0/Problems/SYN/SYN883-1.p					timeout	
DTS/Alligator/TPTP-v7.3.0/Problems/SYN/SYN673-1.p					Parser Error	
DTS/Alligator/TPTP-v7.3.0/Problems/SYN/SYN115-1.p					Parser Error	
DTS/Alligator/TPTP-v7.3.0/Problems/SYN/SYN493+1.p	False			error in process 		
DTS/Alligator/TPTP-v7.3.0/Problems/SYN/SYN487+1.p	False			error in process 		
DTS/Alligator/TPTP-v7.3.0/Problems/SYN/SYN667-1.p					Parser Error	
DTS/Alligator/TPTP-v7.3.0/Problems/SYN/SYN486+1.p	False			error in process 		
DTS/Alligator/TPTP-v7.3.0/Problems/SYN/SYN666-1.p					Parser Error	
DTS/Alligator/TPTP-v7.3.0/Problems/SYN/SYN672-1.p					Parser Error	
DTS/Alligator/TPTP-v7.3.0/Problems/SYN/SYN492+1.p	False			error in process 		
DTS/Alligator/TPTP-v7.3.0/Problems/SYN/SYN114-1.p					Parser Error	
DTS/Alligator/TPTP-v7.3.0/Problems/SYN/SYN882-1.p					timeout	
DTS/Alligator/TPTP-v7.3.0/Problems/SYN/SYN896-1.p					timeout	
DTS/Alligator/TPTP-v7.3.0/Problems/SYN/SYN128-1.p					Parser Error	
DTS/Alligator/TPTP-v7.3.0/Problems/SYN/SYN445+1.p	False			error in process 		
DTS/Alligator/TPTP-v7.3.0/Problems/SYN/SYN323+1.p					Parser Error"TokenComma"	
DTS/Alligator/TPTP-v7.3.0/Problems/SYN/SYN869-1.p					Parser Error	
DTS/Alligator/TPTP-v7.3.0/Problems/SYN/SYN337+1.p					Parser Error"TokenComma"	
DTS/Alligator/TPTP-v7.3.0/Problems/SYN/SYN451+1.p	False			error in process 		
DTS/Alligator/TPTP-v7.3.0/Problems/SYN/SYN479+1.p	False			error in process 		
DTS/Alligator/TPTP-v7.3.0/Problems/SYN/SYN841-1.p					timeout	
DTS/Alligator/TPTP-v7.3.0/Problems/SYN/SYN699-1.p					Parser Error	
DTS/Alligator/TPTP-v7.3.0/Problems/SYN/SYN855-1.p					timeout	
DTS/Alligator/TPTP-v7.3.0/Problems/SYN/SYN464-1.p					Parser Error	
DTS/Alligator/TPTP-v7.3.0/Problems/SYN/SYN316-1.p					Parser Error	
DTS/Alligator/TPTP-v7.3.0/Problems/SYN/SYN470-1.p					Parser Error	
DTS/Alligator/TPTP-v7.3.0/Problems/SYN/SYN458-1.p					Parser Error	
DTS/Alligator/TPTP-v7.3.0/Problems/SYN/SYN510-1.p					Parser Error	
DTS/Alligator/TPTP-v7.3.0/Problems/SYN/SYN928+1.p	False			error in process 		
DTS/Alligator/TPTP-v7.3.0/Problems/SYN/SYN276-1.p					Parser Error	
DTS/Alligator/TPTP-v7.3.0/Problems/SYN/SYN262-1.p					Parser Error	
DTS/Alligator/TPTP-v7.3.0/Problems/SYN/SYN504-1.p					Parser Error	
DTS/Alligator/TPTP-v7.3.0/Problems/SYN/SYN082+1.p					Parser Error"TokenComma"	
DTS/Alligator/TPTP-v7.3.0/Problems/SYN/SYN538-1.p					Parser Error	
DTS/Alligator/TPTP-v7.3.0/Problems/SYN/SYN055+1.p	False			error in process error in process error in process error in process error in process 		
DTS/Alligator/TPTP-v7.3.0/Problems/SYN/SYN733+1.p	False			error in process 		
DTS/Alligator/TPTP-v7.3.0/Problems/SYN/SYN727+1.p					Parser Error"TokenComma"	
DTS/Alligator/TPTP-v7.3.0/Problems/SYN/SYN041+1.p	False		(~(p=>q)=>(q=>p))	[  u0:T, u1:type, u2:type, u3:type ] =>(u4:(u5:u2)→u1)→(u6:u1)→u2		
DTS/Alligator/TPTP-v7.3.0/Problems/SYN/SYN069+1.p					Parser Error"TokenComma"	
DTS/Alligator/TPTP-v7.3.0/Problems/SYN/SYN289-1.p					Parser Error	
DTS/Alligator/TPTP-v7.3.0/Problems/SYN/SYN074-1.p					Parser Error	
DTS/Alligator/TPTP-v7.3.0/Problems/SYN/SYN712-1.p					Parser Error	
DTS/Alligator/TPTP-v7.3.0/Problems/SYN/SYN706-1.p					Parser Error	
DTS/Alligator/TPTP-v7.3.0/Problems/SYN/SYN060-1.p					Parser Error	
DTS/Alligator/TPTP-v7.3.0/Problems/SYN/SYN048-1.p					Parser Error	
DTS/Alligator/TPTP-v7.3.0/Problems/SYN/SYN531+1.p					Parser Error"TokenComma"	
DTS/Alligator/TPTP-v7.3.0/Problems/SYN/SYN909-1.p					timeout	
DTS/Alligator/TPTP-v7.3.0/Problems/SYN/SYN525+1.p					Parser Error"TokenComma"	
DTS/Alligator/TPTP-v7.3.0/Problems/SYN/SYN519+1.p					Parser Error"TokenComma"	

	True : 25 False : 180					